Type,Part Number,Brand,Model,Rank,Benchmark,Samples,URL
USB,MKNUFDVU240GB,Mushkin,Ventura Ultra USB 3.0 240GB,1,151,27,https://usb.userbenchmark.com/SpeedTest/7528/Mushkin-Ventura-Ultra
USB,MKNUFDVU60GB,Mushkin,Ventura Ultra USB 3.0 60GB,2,143,38,https://usb.userbenchmark.com/Mushkin-Ventura-Ultra-USB-30-60GB/Rating/2281
USB,MKNUFDVU120GB,Mushkin,Ventura Ultra USB 3.0 120GB,3,140,48,https://usb.userbenchmark.com/SpeedTest/8396/Mushkin-Ventura-Ultra
USB,CMFVYGTX3-128GB,Corsair,Flash Voyager GTX USB 3.0 128GB,4,114,81,https://usb.userbenchmark.com/SpeedTest/13691/Corsair-Voyager-GTX
USB,CMFVYGTX3-256GB,Corsair,Flash Voyager GTX USB 3.0 256GB,5,108,55,https://usb.userbenchmark.com/SpeedTest/12583/Corsair-Voyager-GTX
USB,SDCZ88-128G,SanDisk,Extreme Pro USB 3.0 128GB,6,75.1,1065,https://usb.userbenchmark.com/SpeedTest/7603/SanDisk-ExtremePro
USB,SDCZ880-128G,SanDisk,Extreme Pro USB 3.1 128GB,7,71.3,185,https://usb.userbenchmark.com/SpeedTest/236544/SanDisk-Extreme-Pro
USB,SDCZ80-064G,SanDisk,Extreme USB 3.0 64GB,8,70.9,4296,https://usb.userbenchmark.com/SanDisk-Extreme-USB-30-64GB/Rating/1459
USB,HXS3/512GB,Kingston,HyperX Savage USB 3.1 512GB,9,65.7,42,https://usb.userbenchmark.com/SpeedTest/80249/Kingston-HyperX-Savage
USB,SDCZ880-256G,SanDisk,Extreme Pro USB 3.1 256GB,10,64.4,105,https://usb.userbenchmark.com/SpeedTest/248252/SanDisk-Extreme-Pro
USB,,Corsair,Voyager GS 126GB,11,63.2,40,https://usb.userbenchmark.com/SpeedTest/7514/Corsair-Voyager-GS
USB,,Apricorn,SATAWire 256GB,12,62.6,19,https://usb.userbenchmark.com/SpeedTest/10670/Apricorn-SATAWire
USB,SDCZ80-032G,SanDisk,Extreme USB 3.0 32GB,13,60.2,2980,https://usb.userbenchmark.com/SanDisk-Extreme-USB-30-32GB/Rating/1466
USB,SDCZ80-016G,SanDisk,Extreme USB 3.0 16GB,14,59.2,1854,https://usb.userbenchmark.com/SanDisk-Extreme-USB-30-16GB/Rating/1301
USB,LJDP10-32GCRBEU,Lexar,JumpDrive P10 USB 3.0 32GB,15,58.3,65,https://usb.userbenchmark.com/Lexar-JumpDrive-P10-USB-30-32GB/Rating/1476
USB,HXS3/128GB,Kingston,HyperX Savage USB 3.1 128GB,16,57.9,426,https://usb.userbenchmark.com/SpeedTest/64443/Kingston-HyperX-Savage
USB,HXS3/256GB,Kingston,HyperX Savage USB 3.1 256GB,17,57.5,256,https://usb.userbenchmark.com/SpeedTest/47907/Kingston-HyperX-Savage
USB,,Drobo,Mini 4.5TB,18,56.9,10,https://usb.userbenchmark.com/SpeedTest/2759/Drobo-Mini
USB,,Samsung,D3 Station 2TB,19,49,1361,https://usb.userbenchmark.com/SpeedTest/5414/Samsung-D3-Station
USB,,Seagate,Backup+ Desk 3TB,20,48.8,276,https://usb.userbenchmark.com/SpeedTest/3835/Seagate-Backup--Desk
USB,LJDP10-64GCRBNA,Lexar,JumpDrive P10 USB 3.0 64GB,21,48.6,60,https://usb.userbenchmark.com/Lexar-JumpDrive-P10-USB-30-64GB/Rating/1475
USB,LJDP10-64GCRBEU,Lexar,JumpDrive P10 USB 3.0 64GB,21,48.6,60,https://usb.userbenchmark.com/Lexar-JumpDrive-P10-USB-30-64GB/Rating/1475
USB,,BUFFALO,HD-LXU3 1TB,22,48.4,45,https://usb.userbenchmark.com/SpeedTest/5083/BUFFALO-HD-LXU3
USB,LJDP20-64GCRBNA,Lexar,JumpDrive P20 USB 3.0 64GB,23,48.2,352,https://usb.userbenchmark.com/Lexar-JumpDrive-P20-USB-30-64GB/Rating/3528
USB,LJDP20-64GCRBEU,Lexar,JumpDrive P20 USB 3.0 64GB,23,48.2,352,https://usb.userbenchmark.com/Lexar-JumpDrive-P20-USB-30-64GB/Rating/3528
USB,HXS3/64GB,Kingston,HyperX Savage USB 3.1 64GB,24,47.5,475,https://usb.userbenchmark.com/SpeedTest/41443/Kingston-HyperX-Savage
USB,9000349,Lacie,XtremKey USB 3.0 64GB,25,45.1,4,https://usb.userbenchmark.com/Lacie-XtremKey-USB-30-64GB/Rating/1565
USB,,ST3000DM,001-1CH166 3TB,26,44.7,54,https://usb.userbenchmark.com/SpeedTest/10423/ST3000DM-001-1CH166
USB,,ST3000DM,001-9YN166 3TB,27,44.7,15,https://usb.userbenchmark.com/SpeedTest/12114/ST3000DM-001-9YN166
USB,,Innostor,Innostor 256GB,28,44.5,15,https://usb.userbenchmark.com/SpeedTest/10725/Innostor-Innostor
USB,,Seagate,Expansion Desk 2TB,29,44.4,3919,https://usb.userbenchmark.com/SpeedTest/2499/Seagate-Expansion-Desk
USB,,Intenso,USB 3.0 Device 2TB,30,43.7,398,https://usb.userbenchmark.com/SpeedTest/12198/Intenso-USB-30-Device
USB,,ST4000DM,000-1F2168 4TB,31,43.4,23,https://usb.userbenchmark.com/SpeedTest/12113/ST4000DM-000-1F2168
USB,,Kingston,DT HyperX 3.0 126GB,32,42.4,74,https://usb.userbenchmark.com/SpeedTest/5359/Kingston-DT-HyperX-30
USB,,BUFFALO,External HDD 3TB,33,41.6,64,https://usb.userbenchmark.com/SpeedTest/7033/BUFFALO-External-HDD
USB,,Corsair,Voyager GT 3.0 128GB,34,41.6,36,https://usb.userbenchmark.com/SpeedTest/4631/Corsair-Voyager-GT-30
USB,SDCZ800-064G,SanDisk,Extreme Go USB 3.1 64GB,35,40.9,483,https://usb.userbenchmark.com/SpeedTest/233900/SanDisk-Extreme
USB,,WD,My Book 1230 4TB,36,40.7,3405,https://usb.userbenchmark.com/SpeedTest/2929/WD-My-Book-1230
USB,,asmedia,ASM1053E 2TB,37,40.6,7,https://usb.userbenchmark.com/SpeedTest/7201/asmedia-ASM1053E
USB,,WD,My Book 1230 3TB,38,40.5,2366,https://usb.userbenchmark.com/SpeedTest/9102/WD-My-Book-1230
USB,,asmedia,ASM1053 2TB,39,40.4,57,https://usb.userbenchmark.com/SpeedTest/13016/asmedia-ASM1053
USB,,Kingston,DT Ultimate 16GB,40,40.1,19,https://usb.userbenchmark.com/SpeedTest/2156/Kingston-DT-Ultimate
USB,PSF128GXPUSB,Patriot,Supersonic Xpress USB 3.0 128GB,41,40,81,https://usb.userbenchmark.com/SpeedTest/4692/Patriot-Memory
USB,,WD,My Book 1230 2TB,42,40,2284,https://usb.userbenchmark.com/SpeedTest/7450/WD-My-Book-1230
USB,,,MXUB3SES-16G 16GB,43,39.9,9,https://usb.userbenchmark.com/SpeedTest/6560/MXUB3SES-16G
USB,SDCZ800-128G,SanDisk,Extreme Go USB 3.1 128GB,44,39.2,255,https://usb.userbenchmark.com/SpeedTest/259550/SanDisk-Extreme
USB,,LaCie,d2 Quadra v3C 2TB,45,38.7,18,https://usb.userbenchmark.com/SpeedTest/6946/LaCie-d2-Quadra-v3C
USB,DTHX30/64GB,Kingston,DataTraveler HyperX USB 3.0 64GB,46,38.6,576,https://usb.userbenchmark.com/Kingston-DataTraveler-HyperX-USB-30-64GB/Rating/1413
USB,AUE700-128G-CBK,Adata,DashDrive Elite UE700 128GB,47,38.4,28,https://usb.userbenchmark.com/SpeedTest/5044/ADATA-USB-Flash-Drive
USB,9000300,Lacie,XtremKey USB 3.0 32GB,48,38.1,4,https://usb.userbenchmark.com/Lacie-XtremKey-USB-30-32GB/Rating/1566
USB,MUF-32BB/AM,Samsung,FIT USB 3.0 32GB,49,38,790,https://usb.userbenchmark.com/SpeedTest/38059/Samsung-Flash-Drive-FIT
USB,,TOSHIBA,MQ01ABD050 500GB,50,37.9,3,https://usb.userbenchmark.com/SpeedTest/3559/TOSHIBA-MQ01ABD050
USB,,Sview,SV-WiFi-S250UN 1TB,51,37,8,https://usb.userbenchmark.com/SpeedTest/12439/Sview-SV-WiFi-S250UN
USB,,WD,My Book 1140 3TB,52,36.7,1803,https://usb.userbenchmark.com/SpeedTest/1579/WD-My-Book-1140
USB,,I-O,DATA HDCA-UT 2TB,53,36.5,16,https://usb.userbenchmark.com/SpeedTest/2894/I-O-DATA-HDCA-UT
USB,,TrekStor,DS maxi light 30 2TB,54,36.4,27,https://usb.userbenchmark.com/SpeedTest/5132/TrekStor-DS-maxi-light-30
USB,PSF64GXPUSB,Patriot,Supersonic Xpress USB 3.0 64GB,55,36.2,121,https://usb.userbenchmark.com/SpeedTest/3811/Patriot-Memory
USB,,TOSHIBA,TransMemory-Ex2 32GB,56,35.4,29,https://usb.userbenchmark.com/SpeedTest/10053/TOSHIBA-TransMemory-Ex2
USB,,WD,My Book 3.0 1123 1TB,57,35.4,117,https://usb.userbenchmark.com/SpeedTest/4862/WD-My-Book-30-1123
USB,,PNY,USB 3.0 FD 256GB,58,35.3,242,https://usb.userbenchmark.com/SpeedTest/11237/PNY-USB-30-FD
USB,MUF-64BB/US,Samsung,FIT USB 3.0 64GB,59,35.2,817,https://usb.userbenchmark.com/SpeedTest/36937/Samsung-Flash-Drive-FIT
USB,LJDNV32GCRBEU,Lexar,JumpDrive Triton USB 3.0 32GB,60,35.1,33,https://usb.userbenchmark.com/Lexar-JumpDrive-Triton-USB-30-32GB/Rating/1465
USB,,HGST,HTS 545050A7E680 500GB,61,34.5,90,https://usb.userbenchmark.com/SpeedTest/9890/HGST-HTS-545050A7E680
USB,SDCZ73-256G-G46,SanDisk,Ultra Flair USB 3.0 256GB,62,34.4,27,https://usb.userbenchmark.com/SpeedTest/405096/SanDisk-Ultra-USB-30
USB,,Kingston,DT HyperX 3.0 128GB,63,34.2,28,https://usb.userbenchmark.com/SpeedTest/6316/Kingston-DT-HyperX-30
USB,,Samsung,M3 Portable 2TB,64,34.1,2464,https://usb.userbenchmark.com/SpeedTest/5483/Samsung-M3-Portable
USB,LJDP20-32GCRBNA,Lexar,JumpDrive P20 USB 3.0 32GB,65,33.9,166,https://usb.userbenchmark.com/Lexar-JumpDrive-P20-USB-30-32GB/Rating/3527
USB,LJDP20-32GCRBEU,Lexar,JumpDrive P20 USB 3.0 32GB,65,33.9,166,https://usb.userbenchmark.com/Lexar-JumpDrive-P20-USB-30-32GB/Rating/3527
USB,SDCZ73-128G-G46,SanDisk,Ultra Flair USB 3.0 128GB,66,33.9,716,https://usb.userbenchmark.com/SpeedTest/40153/SanDisk-Ultra-USB-30
USB,,HGST,HTS 545050A7E680 500GB,67,33.4,29,https://usb.userbenchmark.com/SpeedTest/10410/HGST-HTS-545050A7E680
USB,CMFVYGT3A-64GB,Corsair,Flash Voyager GT USB 3.0 64GB,68,33.3,206,https://usb.userbenchmark.com/Corsair-Flash-Voyager-GT-USB-30-64GB/Rating/1567
USB,,WDC,WD10 JPVT-75A1YT0 1TB,69,32.7,5,https://usb.userbenchmark.com/SpeedTest/7572/WDC-WD10-JPVT-75A1YT0
USB,,WD,My Book 1140 4TB,70,32.7,335,https://usb.userbenchmark.com/SpeedTest/4814/WD-My-Book-1140
USB,AUE700-64G-CBK,Adata,DashDrive Elite UE700 USB 3.0 64GB,71,32.6,285,https://usb.userbenchmark.com/Adata-DashDrive-Elite-UE700-USB-30-64GB/Rating/1562
USB,CMFVYGT3A-32GB,Corsair,Flash Voyager GT USB 3.0 32GB,72,32.5,444,https://usb.userbenchmark.com/Corsair-Flash-Voyager-GT-USB-30-32GB/Rating/1570
USB,,ST1500DL,003-9VT16L 1.5TB,73,32.2,114,https://usb.userbenchmark.com/SpeedTest/4549/ST1500DL-003-9VT16L
USB,LJDP10-16GCRBEU,Lexar,JumpDrive P10 USB 3.0 16GB,74,32.2,29,https://usb.userbenchmark.com/Lexar-JumpDrive-P10-USB-30-16GB/Rating/1477
USB,,PNY,USB 3.0 FD 128GB,75,32,537,https://usb.userbenchmark.com/SpeedTest/5535/PNY-USB-30-FD
USB,,ST320005,42AS 2TB,76,31.9,26,https://usb.userbenchmark.com/SpeedTest/11690/ST320005-42AS
USB,,ST1000LM,024 HN-M101MBB 1TB,77,31.9,28,https://usb.userbenchmark.com/SpeedTest/1653/ST1000LM-024-HN-M101MBB
USB,,Seagate,Backup+ Desk 1TB,78,31.6,90,https://usb.userbenchmark.com/SpeedTest/4767/Seagate-Backup--Desk
USB,,Initio,INIC-3609 500GB,79,31.6,69,https://usb.userbenchmark.com/SpeedTest/6861/Initio-INIC-3609
USB,,WD,My Book 1170 2TB,80,31.5,243,https://usb.userbenchmark.com/SpeedTest/4578/WD-My-Book-1170
USB,,WD,My Book 1130 3TB,81,31.4,222,https://usb.userbenchmark.com/SpeedTest/4861/WD-My-Book-1130
USB,,WD,My Passport 0816 500GB,82,31.4,9,https://usb.userbenchmark.com/SpeedTest/9999/WD-My-Passport-0816
USB,,Seagate,Backup+ BK 2TB,83,31.3,59,https://usb.userbenchmark.com/SpeedTest/5646/Seagate-Backup---BK
USB,,Intenso,USB 3.0 Device 1TB,84,31.2,796,https://usb.userbenchmark.com/SpeedTest/12049/Intenso-USB-30-Device
USB,,WD,My Book 1140 2TB,85,31,5328,https://usb.userbenchmark.com/SpeedTest/1552/WD-My-Book-1140
USB,,WD,My Passport 2TB,86,30.3,5294,https://usb.userbenchmark.com/SpeedTest/1213/WD-My-Passport-0748
USB,,Seagate,External 1TB,87,30.2,99,https://usb.userbenchmark.com/SpeedTest/9293/Seagate-External
USB,,Seagate,Wireless 1TB,88,29.9,234,https://usb.userbenchmark.com/SpeedTest/11345/Seagate-Wireless
USB,,WD,My Passport 0741 1TB,89,29.9,957,https://usb.userbenchmark.com/SpeedTest/4935/WD-My-Passport-0741
USB,LJDNV16GCRBEU,Lexar,JumpDrive Triton USB 3.0 16GB,90,29.8,24,https://usb.userbenchmark.com/Lexar-JumpDrive-Triton-USB-30-16GB/Rating/1268
USB,,WD,My Passport 0810 1TB,91,29.8,2235,https://usb.userbenchmark.com/SpeedTest/3372/WD-My-Passport-0810
USB,,WD,My Passport 0830 1TB,92,29.6,3293,https://usb.userbenchmark.com/SpeedTest/9130/WD-My-Passport-0830
USB,,WD,My Passport 0820 2TB,93,29.6,7871,https://usb.userbenchmark.com/SpeedTest/2353/WD-My-Passport-0820
USB,,WD,My Book 1140 1TB,94,29.4,990,https://usb.userbenchmark.com/SpeedTest/2598/WD-My-Book-1140
USB,LJDNV64GCRBEU,Lexar,JumpDrive Triton USB 3.0 64GB,95,29.4,4,https://usb.userbenchmark.com/Lexar-JumpDrive-Triton-USB-30-64GB/Rating/1464
USB,,Seagate,External 2TB,96,29.2,412,https://usb.userbenchmark.com/SpeedTest/2144/Seagate-External
USB,,WD,My Book 1130 2TB,97,29.2,992,https://usb.userbenchmark.com/SpeedTest/2726/WD-My-Book-1130
USB,,WD,My Passport 1.5TB,98,29.2,497,https://usb.userbenchmark.com/SpeedTest/4563/WD-My-Passport-0748
USB,,STT,EXPRESS ST4 32GB,99,29,5,https://usb.userbenchmark.com/SpeedTest/3654/STT-EXPRESS-ST4
USB,,WD,My Passport 07A8 1TB,100,28.9,3097,https://usb.userbenchmark.com/SpeedTest/2838/WD-My-Passport-07A8
USB,,WD,My Passport 750GB,101,28.8,204,https://usb.userbenchmark.com/SpeedTest/6592/WD-My-Passport-0748
USB,,WD,My Passport 07AE 500GB,102,28.8,24,https://usb.userbenchmark.com/SpeedTest/9818/WD-My-Passport-07AE
USB,,WD,My Passport 0741 2TB,103,28.8,1164,https://usb.userbenchmark.com/SpeedTest/2722/WD-My-Passport-0741
USB,,ADATA,HV620 2TB,104,28.7,408,https://usb.userbenchmark.com/SpeedTest/4365/ADATA-HV620
USB,,Seagate,FA GoFlex Desk 2TB,105,28.6,1139,https://usb.userbenchmark.com/SpeedTest/1236/Seagate-FA-GoFlex-Desk
USB,,Corsair,Voyager GT 3.0 64GB,106,28.6,19,https://usb.userbenchmark.com/SpeedTest/5886/Corsair-Voyager-GT-30
USB,,BUFFALO,HD-PCFU3 1TB,107,28.6,258,https://usb.userbenchmark.com/SpeedTest/3921/BUFFALO-HD-PCFU3
USB,,TOSHIBA,External USB 3.0 1.5TB,108,28.6,1134,https://usb.userbenchmark.com/SpeedTest/1470/TOSHIBA-External-USB-30
USB,,WD,My Passport 0810 500GB,109,28.5,603,https://usb.userbenchmark.com/SpeedTest/6985/WD-My-Passport-0810
USB,,Seagate,GoFlex Desk 1TB,110,28.5,225,https://usb.userbenchmark.com/SpeedTest/1395/Seagate-GoFlex-Desk
USB,,WD,My Passport 07A8 500GB,111,28.2,709,https://usb.userbenchmark.com/SpeedTest/1639/WD-My-Passport-07A8
USB,,WD,My Passport 1TB,112,28.1,6119,https://usb.userbenchmark.com/SpeedTest/1272/WD-My-Passport-0748
USB,SDCZ73-064G-G46,SanDisk,Ultra Flair USB 3.0 64GB,113,28.1,2905,https://usb.userbenchmark.com/SpeedTest/41131/SanDisk-Ultra-USB-30
USB,,Sony,Hard Drive 1TB,114,28.1,1103,https://usb.userbenchmark.com/SpeedTest/3633/Sony-Hard-Drive
USB,,BUFFALO,HD-PZU3 1TB,115,28,189,https://usb.userbenchmark.com/SpeedTest/8185/BUFFALO-HD-PZU3
USB,AUE700-32G-CBK,Adata,DashDrive Elite UE700 32GB,116,28,162,https://usb.userbenchmark.com/SpeedTest/5531/ADATA-USB-Flash-Drive
USB,,BUFFALO,HD-PNTU3 1TB,117,28,456,https://usb.userbenchmark.com/SpeedTest/7154/BUFFALO-HD-PNTU3
USB,,PHD,3.0 Silicon-Power 1TB,118,27.9,1838,https://usb.userbenchmark.com/SpeedTest/5127/PHD-30-Silicon-Power
USB,,Seagate,USB 3.0 Cable 750GB,119,27.9,38,https://usb.userbenchmark.com/SpeedTest/4966/Seagate-USB-30-Cable
USB,,WD,My Passport 0820 1TB,120,27.8,7760,https://usb.userbenchmark.com/SpeedTest/6273/WD-My-Passport-0820
USB,,Innostor,Innostor 128GB,121,27.6,36,https://usb.userbenchmark.com/SpeedTest/8604/Innostor-Innostor
USB,,Intenso,USB 3.0 Device 500GB,122,27.5,250,https://usb.userbenchmark.com/SpeedTest/3107/Intenso-USB-30-Device
USB,MKNUFDVP64GB,Mushkin,Ventura Pro USB 3.0 64GB,123,27.4,63,https://usb.userbenchmark.com/Mushkin-Ventura-Pro-USB-30-64GB/Rating/1485
USB,,ADATA,HD710 1TB,124,27.4,1706,https://usb.userbenchmark.com/SpeedTest/11608/ADATA-HD710
USB,,BUFFALO,HD-PCTU3 1TB,125,27.4,550,https://usb.userbenchmark.com/SpeedTest/4001/BUFFALO-HD-PCTU3
USB,,Samsung,M3 Portable 1TB,126,27.2,7524,https://usb.userbenchmark.com/SpeedTest/2232/Samsung-M3-Portable
USB,,Seagate,GoFlex Desk 2TB,127,27.2,672,https://usb.userbenchmark.com/SpeedTest/5157/Seagate-GoFlex-Desk
USB,,Corsair,Voyager GT 3.0 32GB,128,27.1,35,https://usb.userbenchmark.com/SpeedTest/7226/Corsair-Voyager-GT-30
USB,,Samsung,M2 Portable 3 750GB,129,27,53,https://usb.userbenchmark.com/SpeedTest/4998/Samsung-M2-Portable-3
USB,SDCZ43-064G-G46,SanDisk,Ultra Fit USB 3.0 64GB,130,26.8,5402,https://usb.userbenchmark.com/SanDisk-Ultra-Fit-USB-30-64GB/Rating/2698
USB,SDCZ48-064G,SanDisk,Ultra USB 3.0 64GB,131,26.8,6167,https://usb.userbenchmark.com/SpeedTest/2009/SanDisk-SanDisk-Ultra
USB,MKNUFDVP32GB,Mushkin,Ventura Pro USB 3.0 32GB,132,26.8,37,https://usb.userbenchmark.com/SpeedTest/1116/MUSHKIN-MKNUFDVP32GB
USB,,Seagate,Expansion 750GB,133,26.5,124,https://usb.userbenchmark.com/SpeedTest/9822/Seagate-Expansion
USB,SDCZ73-032G-G46,SanDisk,Ultra Flair USB 3.0 32GB,134,26.5,3250,https://usb.userbenchmark.com/SpeedTest/40935/SanDisk-Ultra-USB-30
USB,,Clikfree,Backup Drive 2TB,135,26.5,22,https://usb.userbenchmark.com/SpeedTest/9036/Clikfree-Backup-Drive
USB,,Corsair,Survivor 3.0 64GB,136,26.4,149,https://usb.userbenchmark.com/SpeedTest/4221/Corsair-Survivor-30
USB,,Imation,Apollo M100 USB3 1TB,137,26.1,72,https://usb.userbenchmark.com/SpeedTest/4968/Imation-Apollo-M100-USB3
USB,49807,Verbatim,Store n Go V3 Max USB 3.0 64GB,138,26,34,https://usb.userbenchmark.com/Verbatim-Store-n-Go-V3-Max-USB-30-64GB/Rating/1574
USB,DTU30G3/32GB,Kingston,DataTraveler Ultimate G3 USB 3.0 32GB,139,26,392,https://usb.userbenchmark.com/Kingston-DataTraveler-Ultimate-G3-USB-30-32GB/Rating/1579
USB,,HGST,Touro Mobile 3.0 1TB,140,25.8,225,https://usb.userbenchmark.com/SpeedTest/6821/HGST-Touro-Mobile-30
USB,,TOSHIBA,External USB 3.0 750GB,141,25.8,770,https://usb.userbenchmark.com/SpeedTest/2262/TOSHIBA-External-USB-30
USB,,ST310003,40SV 1TB,142,25.7,12,https://usb.userbenchmark.com/SpeedTest/2618/ST310003-40SV
USB,,WD,Elements 1TB,143,25.7,22452,https://usb.userbenchmark.com/SpeedTest/1440/WD-Elements-1042
USB,,PHD,3.0 Silicon-Power DB 1TB,144,25.6,111,https://usb.userbenchmark.com/SpeedTest/9460/PHD-30-Silicon-Power-DB
USB,,Samsung,M3 Portable 500GB,145,25.6,1488,https://usb.userbenchmark.com/SpeedTest/4900/Samsung-M3-Portable
USB,USM32GQ,Sony,Micro Vault Mach USB 3.0 32GB,146,25.4,150,https://usb.userbenchmark.com/SpeedTest/1466/Sony-Storage-Media
USB,DTR30/16GB,Kingston,DataTraveler R3.0 USB 3.0 16GB,147,25.2,351,https://usb.userbenchmark.com/Kingston-DataTraveler-R30-USB-30-16GB/Rating/1435
USB,DTU30G3/64GB,Kingston,DataTraveler Ultimate G3 USB 3.0 64GB,148,25.1,176,https://usb.userbenchmark.com/Kingston-DataTraveler-Ultimate-G3-USB-30-64GB/Rating/1457
USB,,,,149,25.1,415,https://usb.userbenchmark.com/SpeedTest/10408/
USB,,WD,My Book 1130 1TB,150,25.1,722,https://usb.userbenchmark.com/SpeedTest/3807/WD-My-Book-1130
USB,,Toshiba,Ext HDD 1TB,151,25,206,https://usb.userbenchmark.com/SpeedTest/4693/Toshiba-Ext-HDD
USB,,HDS72101,0KLA33R RSD HUA 1TB,152,25,3,https://usb.userbenchmark.com/SpeedTest/2619/HDS72101-0KLA33R-RSD-HUA
USB,,,HGST 1TB,153,25,714,https://usb.userbenchmark.com/SpeedTest/8303/HGST
USB,49805,Verbatim,Store n Go V3 Max USB 3.0 16GB,154,24.8,23,https://usb.userbenchmark.com/Verbatim-Store-n-Go-V3-Max-USB-30-16GB/Rating/1544
USB,SDCZ43-032G-G46,SanDisk,Ultra Fit USB 3.0 32GB,155,24.8,6247,https://usb.userbenchmark.com/SanDisk-Ultra-Fit-USB-30-32GB/Rating/2697
USB,,TOSHIBA,STOR.E ALU 2S 1TB,156,24.7,484,https://usb.userbenchmark.com/SpeedTest/3834/TOSHIBA-STORE-ALU-2S
USB,,WD,My Passport 500GB,157,24.6,1618,https://usb.userbenchmark.com/SpeedTest/3029/WD-My-Passport-0748
USB,,ADATA,CH11 1TB,158,24.6,424,https://usb.userbenchmark.com/SpeedTest/12837/ADATA-CH11
USB,,Seagate,FreeAgent GoFlex 750GB,159,24.3,165,https://usb.userbenchmark.com/SpeedTest/10825/Seagate-FreeAgent-GoFlex
USB,,WD,Elements 750GB,160,24.3,158,https://usb.userbenchmark.com/SpeedTest/4327/WD-Elements-1042
USB,,ADATA,HD710 500GB,161,24.3,195,https://usb.userbenchmark.com/SpeedTest/5080/ADATA-HD710
USB,,WD,My Passport 0740 1TB,162,24.2,2074,https://usb.userbenchmark.com/SpeedTest/2373/WD-My-Passport-0740
USB,DTR30G2/32GB,Kingston,DataTraveler R3.0 G2 USB 3.0 32GB,163,24,784,https://usb.userbenchmark.com/Kingston-DataTraveler-R30-G2-USB-30-32GB/Rating/2427
USB,AN005P-64G-CGY,Adata,Nobility N005 Pro USB 3.0 64GB,164,24,41,https://usb.userbenchmark.com/Adata-Nobility-N005-Pro-USB-30-64GB/Rating/1568
USB,,Seagate,Backup+ BK 500GB,165,23.9,393,https://usb.userbenchmark.com/SpeedTest/5909/Seagate-Backup--BK
USB,,Samsung,S2 Portable 3 1TB,166,23.9,315,https://usb.userbenchmark.com/SpeedTest/6398/Samsung-S2-Portable-3
USB,,Seagate,Slim BK 500GB,167,23.8,67,https://usb.userbenchmark.com/SpeedTest/7379/Seagate-Slim--BK
USB,SDCZ48-032G,SanDisk,Ultra USB 3.0 32GB,168,23.8,14786,https://usb.userbenchmark.com/SanDisk-Ultra-USB-30-32GB/Rating/1506
USB,,WD,Elements 2TB,169,23.8,15779,https://usb.userbenchmark.com/SpeedTest/6601/WD-Elements-1048
USB,DTR30/64GB,Kingston,DataTraveler R3.0 USB 3.0 64GB,170,23.8,76,https://usb.userbenchmark.com/Kingston-DataTraveler-R30-USB-30-64GB/Rating/1576
USB,,HGST,Touro Mobile 3.0 500GB,171,23.7,89,https://usb.userbenchmark.com/SpeedTest/5588/HGST-Touro-Mobile-30
USB,,ADATA,HD710 750GB,172,23.7,28,https://usb.userbenchmark.com/SpeedTest/2729/ADATA-HD710
USB,AS102P-64G-RGY,Adata,DashDrive Elite S102 Pro USB 3.0 64GB,173,23.7,338,https://usb.userbenchmark.com/Adata-DashDrive-Elite-S102-Pro-USB-30-64GB/Rating/1642
USB,,WD,My Passport 0740 500GB,174,23.5,1618,https://usb.userbenchmark.com/SpeedTest/2389/WD-My-Passport-0740
USB,,Seagate,Portable 750GB,175,23.4,42,https://usb.userbenchmark.com/SpeedTest/11316/Seagate-Portable
USB,DTU30G2/16GB,Kingston,DataTraveler Ultimate USB 3.0 16GB,176,23.4,70,https://usb.userbenchmark.com/Kingston-DataTraveler-Ultimate-USB-30-16GB/Rating/1271
USB,AN005P-32G-CGY,Adata,Nobility N005 Pro USB 3.0 32GB,177,23.4,54,https://usb.userbenchmark.com/Adata-Nobility-N005-Pro-USB-30-32GB/Rating/1569
USB,,HitachiG,ST 1TB,178,23.1,367,https://usb.userbenchmark.com/SpeedTest/4440/HitachiG-ST
USB,USM16GQ,Sony,Micro Vault Mach USB 3.0 16GB,179,23.1,145,https://usb.userbenchmark.com/Sony-Micro-Vault-Mach-USB-30-16GB/Rating/1300
USB,,FANTOM,ST1500DL003-9VT1 1.5TB,180,22.9,28,https://usb.userbenchmark.com/SpeedTest/8163/FANTOM-ST1500DL003-9VT1
USB,,WD,My Passport 0740 750GB,181,22.9,251,https://usb.userbenchmark.com/SpeedTest/7630/WD-My-Passport-0740
USB,,WD,Elements 500GB,182,22.6,4863,https://usb.userbenchmark.com/SpeedTest/2903/WD-Elements-10A8
USB,,Corsair,Survivor 3.0 32GB,183,22.6,165,https://usb.userbenchmark.com/SpeedTest/4778/Corsair-Survivor-30
USB,,WD,My Passport Essential USB 3.0 750GB,184,22.4,340,https://usb.userbenchmark.com/SpeedTest/3384/WD-My-Passport-0730
USB,SDCZ48-016G,SanDisk,Ultra USB 3.0 16GB,185,22.4,7416,https://usb.userbenchmark.com/SanDisk-Ultra-USB-30-16GB/Rating/1658
USB,,TOSHIBA,STOR.E PARTNER 1TB,186,22.2,451,https://usb.userbenchmark.com/SpeedTest/7148/TOSHIBA-STORE-PARTNER
USB,,Corsair,Slider 3.0 124GB,187,22.1,191,https://usb.userbenchmark.com/SpeedTest/6680/Corsair-Slider-30
USB,LJDS25-64GABNL,Lexar,JumpDrive S25 USB 3.0 64GB,188,22,1067,https://usb.userbenchmark.com/Lexar-JumpDrive-S25-USB-30-64GB/Rating/3531
USB,LJDS25-64GABEU,Lexar,JumpDrive S25 USB 3.0 64GB,188,22,1067,https://usb.userbenchmark.com/Lexar-JumpDrive-S25-USB-30-64GB/Rating/3531
USB,DTU30G2/64GB,Kingston,DataTraveler Ultimate USB 3.0 64GB,189,21.9,19,https://usb.userbenchmark.com/SpeedTest/2101/Kingston-DT-Ultimate-G2
USB,,Fantom,External HDD 1.5TB,190,21.9,17,https://usb.userbenchmark.com/SpeedTest/12404/Fantom-External-HDD
USB,,,HGST 500GB,191,21.8,244,https://usb.userbenchmark.com/SpeedTest/4568/HGST
USB,,Seagate,Backup+ BK 1.5TB,192,21.8,76,https://usb.userbenchmark.com/SpeedTest/6263/Seagate-Backup--BK
USB,SDCZ73-016G-G46,SanDisk,Ultra Flair USB 3.0 16GB,193,21.7,2791,https://usb.userbenchmark.com/SpeedTest/42837/SanDisk-Ultra-USB-30
USB,9000146,Lacie,RuggedKey USB 3.0 16GB,194,21.7,17,https://usb.userbenchmark.com/Lacie-RuggedKey-USB-30-16GB/Rating/1345
USB,,WD,My Passport Essential USB 3.0 1TB,195,21.7,1324,https://usb.userbenchmark.com/SpeedTest/1508/WD-My-Passport-0730
USB,,Seagate,FreeAgent GoFlex 1.5TB,196,21.6,406,https://usb.userbenchmark.com/SpeedTest/5406/Seagate-FreeAgent-GoFlex
USB,,Seagate,USB 3.0 Cable 1.5TB,197,21.1,128,https://usb.userbenchmark.com/SpeedTest/10623/Seagate-USB-30-Cable
USB,SDCZ43-016G-G46,SanDisk,Ultra Fit USB 3.0 16GB,198,21,4068,https://usb.userbenchmark.com/SanDisk-Ultra-Fit-USB-30-16GB/Rating/2694
USB,AUV128-64G-RBE,Adata,DashDrive UV128 USB 3.0 64GB,199,20.9,347,https://usb.userbenchmark.com/SpeedTest/3052/ADATA-USB-Flash-Drive
USB,,Kingston,DataTraveler 3.0 32GB,200,20.8,21,https://usb.userbenchmark.com/SpeedTest/2312/Kingston-DataTraveler-30
USB,LJDS23-64GABEU,Lexar,JumpDrive S23 USB 3.0 64GB,201,20.8,202,https://usb.userbenchmark.com/Lexar-JumpDrive-S23-USB-30-64GB/Rating/1571
USB,CMFVYGT3A-16GB,Corsair,Flash Voyager GT USB 3.0 16GB,202,20.6,67,https://usb.userbenchmark.com/Corsair-Flash-Voyager-GT-USB-30-16GB/Rating/1272
USB,,PNY,USB 3.0 FD 32GB,203,20.4,186,https://usb.userbenchmark.com/SpeedTest/4970/PNY-USB-30-FD
USB,,HitachiG,ST 500GB,204,20.4,198,https://usb.userbenchmark.com/SpeedTest/2152/HitachiG-ST
USB,CMFVY3S-32GB,Corsair,Flash Voyager USB 3.0 32GB,205,20.4,185,https://usb.userbenchmark.com/SpeedTest/5153/Corsair-Voyager-30
USB,,Seagate,Portable 1.5TB,206,20.2,138,https://usb.userbenchmark.com/SpeedTest/3291/Seagate-Portable
USB,,MUSHKIN,MKNUFDAM32GB 32GB,207,20.2,29,https://usb.userbenchmark.com/SpeedTest/6798/MUSHKIN-MKNUFDAM32GB
USB,,WD,My Passport Essential USB 3.0 500GB,208,20.2,1459,https://usb.userbenchmark.com/SpeedTest/2140/WD-My-Passport-0730
USB,LJDS25-32GABNL,Lexar,JumpDrive S25 USB 3.0 32GB,209,20,1857,https://usb.userbenchmark.com/Lexar-JumpDrive-S25-USB-30-32GB/Rating/3530
USB,LJDS25-32GABEU,Lexar,JumpDrive S25 USB 3.0 32GB,209,20,1857,https://usb.userbenchmark.com/Lexar-JumpDrive-S25-USB-30-32GB/Rating/3530
USB,LJDS23-32GABEU,Lexar,JumpDrive S23 USB 3.0 32GB,210,20,376,https://usb.userbenchmark.com/Lexar-JumpDrive-S23-USB-30-32GB/Rating/1572
USB,CMFVV3-32GB,Corsair,Flash Voyager Vega USB 3.0 32GB,211,19.9,87,https://usb.userbenchmark.com/SpeedTest/16103/Corsair-Voyager-VEGA
USB,AS107-32G-RBL,Adata,S107 USB 3.0 32GB,212,19.7,84,https://usb.userbenchmark.com/SpeedTest/5164/ADATA-USB-Flash-Drive
USB,AS102P-32G-RGY,Adata,DashDrive Elite S102 Pro USB 3.0 32GB,213,19.5,906,https://usb.userbenchmark.com/Adata-DashDrive-Elite-S102-Pro-USB-30-32GB/Rating/1612
USB,PSF32GXPUSB,Patriot,Supersonic Xpress USB 3.0 32GB,214,19.5,171,https://usb.userbenchmark.com/SpeedTest/2711/Patriot-Memory
USB,,TS-RDF5,SD Transcend 32GB,215,19.5,577,https://usb.userbenchmark.com/SpeedTest/1141/TS-RDF5-SD--Transcend
USB,,Hitachi,HTS543225L9A300 250GB,216,19.4,5,https://usb.userbenchmark.com/SpeedTest/7573/Hitachi-HTS543225L9A300
USB,,FCR-HS3,-0 16GB,217,19.3,27,https://usb.userbenchmark.com/SpeedTest/7021/FCR-HS3--------0
USB,,WD,My Passport Essential USB 3.0 320GB,218,19.2,134,https://usb.userbenchmark.com/SpeedTest/7249/WD-My-Passport-0730
USB,49806,Verbatim,Store n Go V3 Max USB 3.0 32GB,219,19.2,44,https://usb.userbenchmark.com/Verbatim-Store-n-Go-V3-Max-USB-30-32GB/Rating/1573
USB,,TOSHIBA,MK5075GSX 500GB,220,19.1,106,https://usb.userbenchmark.com/SpeedTest/2025/TOSHIBA-MK5075GSX
USB,,Seagate,FreeAgent GoFlex 1TB,221,19,1733,https://usb.userbenchmark.com/SpeedTest/4081/Seagate-FreeAgent-GoFlex
USB,,Lexar,JumpDrive 16GB,222,18.9,101,https://usb.userbenchmark.com/SpeedTest/2182/Lexar-JumpDrive
USB,,Corsair,Slider 3.0 64GB,223,18.8,200,https://usb.userbenchmark.com/SpeedTest/4333/Corsair-Slider-30
USB,CMFSV3-32GB,Corsair,Flash Survivor USB 3.0 32GB,224,18.8,132,https://usb.userbenchmark.com/SpeedTest/3907/Corsair-Survivor-30
USB,DTR30/32GB,Kingston,DataTraveler R3.0 USB 3.0 32GB,225,18.7,204,https://usb.userbenchmark.com/Kingston-DataTraveler-R30-USB-30-32GB/Rating/1577
USB,,Leef,Supra 32GB,226,18.5,5,https://usb.userbenchmark.com/SpeedTest/5926/Leef-Supra
USB,,JetFlash,Transcend 64GB,227,18.4,1553,https://usb.userbenchmark.com/SpeedTest/2878/JetFlash-Transcend-64GB
USB,,WD,My Book 500GB,228,18.3,2036,https://usb.userbenchmark.com/SpeedTest/1601/WD-5000AAV-External
USB,LJDS25-16GABNL,Lexar,JumpDrive S25 USB 3.0 16GB,229,18.2,1109,https://usb.userbenchmark.com/Lexar-JumpDrive-S25-USB-30-16GB/Rating/3529
USB,LJDS25-16GABEU,Lexar,JumpDrive S25 USB 3.0 16GB,229,18.2,1109,https://usb.userbenchmark.com/Lexar-JumpDrive-S25-USB-30-16GB/Rating/3529
USB,,WD,My Book 1TB,230,18.2,4256,https://usb.userbenchmark.com/SpeedTest/3236/WD-10EAVS-External
USB,,STECH,Simple Drive 500GB,231,18.1,32,https://usb.userbenchmark.com/SpeedTest/4961/STECH-Simple-Drive
USB,,WD,My Book 2TB,232,18.1,214,https://usb.userbenchmark.com/SpeedTest/3665/WD-My-Book
USB,,Samsung,G3 Station 2TB,233,18.1,243,https://usb.userbenchmark.com/SpeedTest/6390/Samsung-G3-Station
USB,,WD,My Book 640GB,234,17.9,543,https://usb.userbenchmark.com/SpeedTest/8636/WD-6400AAC-External
USB,,Samsung,G2 Portable 400GB,235,17.9,16,https://usb.userbenchmark.com/SpeedTest/3553/Samsung-G2-Portable
USB,,WD,5000AAV External 500GB,236,17.9,211,https://usb.userbenchmark.com/SpeedTest/9377/WD-5000AAV-External
USB,,Lexar,SD USB_3_0 Read 16GB,237,17.9,39,https://usb.userbenchmark.com/SpeedTest/6659/Lexar-SD--USB-3-0-Read
USB,,MICRONET,FANTOM DRIVE 2TB,238,17.8,135,https://usb.userbenchmark.com/SpeedTest/4927/MICRONET-FANTOM-DRIVE
USB,,TOSHIBA,TransMemory-Mx 64GB,239,17.8,149,https://usb.userbenchmark.com/SpeedTest/5913/TOSHIBA-TransMemory-Mx
USB,,TOSHIBA,USB DRV 14GB,240,17.8,9,https://usb.userbenchmark.com/SpeedTest/9342/TOSHIBA-TOSHIBA-USB-DRV
USB,,WD,5000AAK External 500GB,241,17.7,71,https://usb.userbenchmark.com/SpeedTest/3775/WD-5000AAK-External
USB,,FUJITSU,MJA2500BH G2 500GB,242,17.7,4,https://usb.userbenchmark.com/SpeedTest/2841/FUJITSU-MJA2500BH-G2
USB,,Corsair,Survivor 3.0 16GB,243,17.6,68,https://usb.userbenchmark.com/SpeedTest/4762/Corsair-Survivor-30
USB,,WD,My Book 750GB,244,17.6,187,https://usb.userbenchmark.com/SpeedTest/8123/WD-7500AAC-External
USB,,WD,3200AAC External 320GB,245,17.6,13,https://usb.userbenchmark.com/SpeedTest/4012/WD-3200AAC-External
USB,,Seagate,FreeAgent GoFlex 500GB,246,17.5,1778,https://usb.userbenchmark.com/SpeedTest/1147/Seagate-FreeAgent-GoFlex
USB,,WD,Elements 1.5TB,247,17.5,2330,https://usb.userbenchmark.com/SpeedTest/1906/WD-Ext-HDD-1021
USB,,Kingston,SNA-DC/U 500GB,248,17.5,443,https://usb.userbenchmark.com/SpeedTest/1256/Kingston-SNA-DCU
USB,INFD16GBNEONOR3.0,Integral,Neon USB 3.0 16GB,249,17.5,366,https://usb.userbenchmark.com/Integral-Neon-USB-30-16GB/Rating/1484
USB,,WD,My Book 320GB,250,17.4,199,https://usb.userbenchmark.com/SpeedTest/7412/WD-3200AAV-External
USB,,WD,10EACS External 1TB,251,17.3,209,https://usb.userbenchmark.com/SpeedTest/10194/WD-10EACS-External
USB,,Seagate,Desktop 500GB,252,17.3,954,https://usb.userbenchmark.com/SpeedTest/4085/Seagate-Desktop
USB,,Hammer,Morespace 1TB,253,17.3,26,https://usb.userbenchmark.com/SpeedTest/3796/Hammer-Morespace
USB,,WD,5000AAJ External 500GB,254,17.1,105,https://usb.userbenchmark.com/SpeedTest/9524/WD-5000AAJ-External
USB,AN005P-16G-CGY,Adata,Nobility N005 Pro USB 3.0 16GB,255,17.1,25,https://usb.userbenchmark.com/Adata-Nobility-N005-Pro-USB-30-16GB/Rating/1274
USB,CMFVY3S-16GB,Corsair,Flash Voyager USB 3.0 16GB,256,17,211,https://usb.userbenchmark.com/Corsair-Flash-Voyager-USB-30-16GB/Rating/1269
USB,,WD,15EARS External 1.5TB,257,17,127,https://usb.userbenchmark.com/SpeedTest/4158/WD-15EARS-External
USB,,Seagate,FreeAgent 500GB,258,17,401,https://usb.userbenchmark.com/SpeedTest/8181/Seagate-FreeAgent
USB,AS102P-16G-RGY,Adata,S102 Pro USB 3.0 16GB,259,17,914,https://usb.userbenchmark.com/Adata-S102-Pro-USB-30-16GB/Rating/1346
USB,,WD,10EADS External 1TB,260,16.9,1464,https://usb.userbenchmark.com/SpeedTest/2848/WD-10EADS-External
USB,,WD,My Book Essentials 2TB,261,16.9,824,https://usb.userbenchmark.com/SpeedTest/4485/WD-My-Book-1110
USB,,PI-239,USB 2.0 Drive 1TB,262,16.9,398,https://usb.userbenchmark.com/SpeedTest/3684/PI-239-USB-20-Drive
USB,,WD,10EARS External 1TB,263,16.9,57,https://usb.userbenchmark.com/SpeedTest/7047/WD-10EARS-External
USB,AUV128-32G-RBE,Adata,DashDrive UV128 USB 3.0 32GB,264,16.9,1053,https://usb.userbenchmark.com/Adata-DashDrive-UV128-USB-30-32GB/Rating/1581
USB,,WD,1600BEV External 160GB,265,16.8,211,https://usb.userbenchmark.com/SpeedTest/6588/WD-1600BEV-External
USB,,Samsung,S2 Portable 500GB,266,16.7,1307,https://usb.userbenchmark.com/SpeedTest/4989/Samsung-S2-Portable
USB,,Seagate,FreeAgent XTreme 1.5TB,267,16.7,63,https://usb.userbenchmark.com/SpeedTest/4363/Seagate-FreeAgent-XTreme
USB,,Maxtor,OneTouch 500GB,268,16.7,445,https://usb.userbenchmark.com/SpeedTest/4159/Maxtor-OneTouch
USB,,Seagate,Desktop 1TB,269,16.6,2348,https://usb.userbenchmark.com/SpeedTest/1345/Seagate-Desktop
USB,,Samsung,G3 Station 1TB,270,16.6,229,https://usb.userbenchmark.com/SpeedTest/5021/Samsung-G3-Station
USB,,Samsung,STORY Station 1TB,271,16.5,331,https://usb.userbenchmark.com/SpeedTest/8847/Samsung-STORY-Station
USB,,Sony,Storage Media 32GB,272,16.5,148,https://usb.userbenchmark.com/SpeedTest/1992/Sony-Storage-Media
USB,49172,Verbatim,Store n Go V3 USB 3.0 16GB,273,16.5,986,https://usb.userbenchmark.com/Verbatim-Store-n-Go-V3-USB-30-16GB/Rating/1347
USB,,Samsung,G2 Portable 500GB,274,16.5,446,https://usb.userbenchmark.com/SpeedTest/4274/Samsung-G2-Portable
USB,,WD,2500BMV External 250GB,275,16.5,278,https://usb.userbenchmark.com/SpeedTest/4646/WD-2500BMV-External
USB,,TOSHIBA,USB 3.5"-HDD 1TB,276,16.4,386,https://usb.userbenchmark.com/SpeedTest/6612/TOSHIBA-USB-35--HDD
USB,,,FV-U35 1TB,277,16.4,43,https://usb.userbenchmark.com/SpeedTest/4300/FV-U35
USB,,WD,5000BMV External 500GB,278,16.4,270,https://usb.userbenchmark.com/SpeedTest/1281/WD-5000BMV-External
USB,,WD,5000AAD External 500GB,279,16.3,136,https://usb.userbenchmark.com/SpeedTest/3176/WD-5000AAD-External
USB,,WD,3200BMV External 320GB,280,16.3,433,https://usb.userbenchmark.com/SpeedTest/5495/WD-3200BMV-External
USB,DTE30/16GB,Kingston,DataTraveler Elite USB 3.0 16GB,281,16.3,83,https://usb.userbenchmark.com/Kingston-DataTraveler-Elite-USB-30-16GB/Rating/1293
USB,,WD,My Book Elite 2TB,282,16.3,164,https://usb.userbenchmark.com/SpeedTest/1251/WD-My-Book-1111
USB,,Samsung,S2 Portable 1TB,283,16.3,771,https://usb.userbenchmark.com/SpeedTest/3753/Samsung-S2-Portable
USB,,Corsair,Slider 3.0 32GB,284,16.3,318,https://usb.userbenchmark.com/SpeedTest/3644/Corsair-Slider-30
USB,,WD,6400AAK External 640GB,285,16.3,85,https://usb.userbenchmark.com/SpeedTest/2532/WD-6400AAK-External
USB,CMFSV3-16GB,Corsair,Flash Survivor USB 3.0 16GB,286,16.3,68,https://usb.userbenchmark.com/Corsair-Flash-Survivor-USB-30-16GB/Rating/1277
USB,,Seagate,USB 2.0 Cable 500GB,287,16.2,80,https://usb.userbenchmark.com/SpeedTest/6667/Seagate-USB-20-Cable
USB,49173,Verbatim,Store n Go V3 USB 3.0 32GB,288,16.1,824,https://usb.userbenchmark.com/Verbatim-Store-n-Go-V3-USB-30-32GB/Rating/1471
USB,,BUFFALO,HD-PXU2 499GB,289,16.1,22,https://usb.userbenchmark.com/SpeedTest/8186/BUFFALO-HD-PXU2
USB,,HP,External HDD 999GB,290,16.1,544,https://usb.userbenchmark.com/SpeedTest/2612/HP-External-HDD
USB,,Samsung,STORY Station 1.5TB,291,16.1,529,https://usb.userbenchmark.com/SpeedTest/3139/Samsung-STORY-Station
USB,,WD,My Book Essentials 1.5TB,292,16.1,585,https://usb.userbenchmark.com/SpeedTest/4848/WD-My-Book-1110
USB,LJDS23-16GABEU,Lexar,JumpDrive S23 USB 3.0 16GB,293,16.1,294,https://usb.userbenchmark.com/Lexar-JumpDrive-S23-USB-30-16GB/Rating/1549
USB,,Samsung,S2 Portable 320GB,294,16.1,472,https://usb.userbenchmark.com/SpeedTest/7054/Samsung-S2-Portable
USB,,WD,My Book Essentials 1TB,295,16,1938,https://usb.userbenchmark.com/SpeedTest/2793/WD-My-Book-1110
USB,,WD,5000AAJB Externa 500GB,296,16,20,https://usb.userbenchmark.com/SpeedTest/2703/WD-5000AAJB-Externa
USB,,Maxtor,Basics Desktop 500GB,297,16,233,https://usb.userbenchmark.com/SpeedTest/5421/Maxtor-Basics-Desktop
USB,,WD,1600BEVExternal 160GB,298,16,101,https://usb.userbenchmark.com/SpeedTest/3232/WD-1600BEVExternal
USB,AUV150-32G-RRD,Adata,DashDrive UV150 USB 3.0 32GB,299,15.9,624,https://usb.userbenchmark.com/Adata-DashDrive-UV150-USB-30-32GB/Rating/1880
USB,,Seagate,FreeAgent Pro 500GB,300,15.9,31,https://usb.userbenchmark.com/SpeedTest/4188/Seagate-FreeAgent-Pro
USB,,Samsung,S2 Portable 640GB,301,15.9,405,https://usb.userbenchmark.com/SpeedTest/4055/Samsung-S2-Portable
USB,,Packard,Bell Carbon 1TB,302,15.9,227,https://usb.userbenchmark.com/SpeedTest/2124/Packard-Bell-Carbon
USB,,A-DATA,HDD CH91 320GB,303,15.9,12,https://usb.userbenchmark.com/SpeedTest/4535/A-DATA-HDD-CH91
USB,,Maxtor,Basics Desktop 1TB,304,15.9,234,https://usb.userbenchmark.com/SpeedTest/3444/Maxtor-Basics-Desktop
USB,DT100G3/64GB,Kingston,DataTraveler 100 G3 USB 3.0 64GB,305,15.9,5586,https://usb.userbenchmark.com/SpeedTest/1742/Kingston-DataTraveler-30
USB,,Toshiba,StorE HDD 1.5TB,306,15.8,63,https://usb.userbenchmark.com/SpeedTest/9515/Toshiba-StorE-HDD
USB,,WD,My Book Elite 1TB,307,15.8,391,https://usb.userbenchmark.com/SpeedTest/4963/WD-My-Book-1111
USB,,Kingston,DataTraveler 3.0 126GB,308,15.6,223,https://usb.userbenchmark.com/SpeedTest/8363/Kingston-DataTraveler-30
USB,,BUFFALO,HD-PCU2 500GB,309,15.6,230,https://usb.userbenchmark.com/SpeedTest/3877/BUFFALO-HD-PCU2
USB,,Toshiba,External USB HDD 500GB,310,15.6,312,https://usb.userbenchmark.com/SpeedTest/2565/Toshiba-External-USB-HDD
USB,,Maxtor,OneTouch 750GB,311,15.5,181,https://usb.userbenchmark.com/SpeedTest/2359/Maxtor-OneTouch
USB,,TOSHIBA,MSFT NORB 8GB,312,15.5,16,https://usb.userbenchmark.com/SpeedTest/11462/TOSHIBA-MSFT-NORB
USB,49174,Verbatim,Store n Go V3 USB 3.0 64GB,313,15.4,376,https://usb.userbenchmark.com/Verbatim-Store-n-Go-V3-USB-30-64GB/Rating/1472
USB,,Hitachi,HTS545050B9A300 500GB,314,15.4,208,https://usb.userbenchmark.com/SpeedTest/8344/Hitachi-HTS545050B9A300
USB,,FCR-HS3,-1 16GB,315,15.3,52,https://usb.userbenchmark.com/SpeedTest/10799/FCR-HS3--------1
USB,,WD,15EADS External 1.5TB,316,15.3,753,https://usb.userbenchmark.com/SpeedTest/3490/WD-15EADS-External
USB,BUSLPD3016R,Busbi,Bolt USB 3.0 16GB,317,15.3,1,https://usb.userbenchmark.com/Busbi-Bolt-USB-30-16GB/Rating/1341
USB,,WD,My Passport Essential 320GB,318,15.3,405,https://usb.userbenchmark.com/SpeedTest/6315/WD-My-Passport-070A
USB,,Seagate,FreeAgent GoFlex 250GB,319,15.2,110,https://usb.userbenchmark.com/SpeedTest/12253/Seagate-FreeAgent-GoFlex
USB,,Apacer,AC601 320GB,320,15.2,18,https://usb.userbenchmark.com/SpeedTest/12069/Apacer-AC601
USB,,BUFFALO,HD-PCU2 1TB,321,15.2,155,https://usb.userbenchmark.com/SpeedTest/1252/BUFFALO-HD-PCU2
USB,,Samsung,G2 Portable 640GB,322,15.2,261,https://usb.userbenchmark.com/SpeedTest/3669/Samsung-G2-Portable
USB,,Seagate,Portable 250GB,323,15.2,402,https://usb.userbenchmark.com/SpeedTest/6649/Seagate-Portable
USB,AS102-16G-RGY,Adata,S102 USB 3.0 16GB,324,15.1,139,https://usb.userbenchmark.com/SpeedTest/2953/ADATA-USB-Flash-Drive
USB,,IT-CEO,USB2.0SATADevice 500GB,325,15.1,57,https://usb.userbenchmark.com/SpeedTest/12490/IT-CEO-USB20SATADevice
USB,ST3U16EDB,Super Talent,Express DUO USB 3.0 16GB,326,15,15,https://usb.userbenchmark.com/Super-Talent-Express-DUO-USB-30-16GB/Rating/39
USB,,Seagate,Desktop 1.5TB,327,15,284,https://usb.userbenchmark.com/SpeedTest/3941/Seagate-Desktop
USB,MKNUFDVT16GB,Mushkin,Ventura USB 3.0 16GB,328,15,8,https://usb.userbenchmark.com/Mushkin-Ventura-USB-30-16GB/Rating/1296
USB,,Kingston,DT microDuo 3.0 16GB,329,15,592,https://usb.userbenchmark.com/SpeedTest/12572/Kingston-DT-microDuo-30
USB,DT100G3/32GB,Kingston,DataTraveler 100 G3 USB 3.0 32GB,330,15,13278,https://usb.userbenchmark.com/SpeedTest/1510/Kingston-DataTraveler-30
USB,,Maxtor,Basics Portable 250GB,331,15,59,https://usb.userbenchmark.com/SpeedTest/10334/Maxtor-Basics-Portable
USB,,PHD,2.0 Silicon-Power DB 500GB,332,15,16,https://usb.userbenchmark.com/SpeedTest/9923/PHD-20-Silicon-Power-DB
USB,,WD,My Passport 071A 1TB,333,14.9,310,https://usb.userbenchmark.com/SpeedTest/6503/WD-My-Passport-071A
USB,,WD,My Passport Elite 500GB,334,14.9,179,https://usb.userbenchmark.com/SpeedTest/5158/WD-My-Passport-070B
USB,PSF16GXPUSB,Patriot,Supersonic Xpress USB 3.0 16GB,335,14.9,56,https://usb.userbenchmark.com/Patriot-Supersonic-Xpress-USB-30-16GB/Rating/1273
USB,,Corsair,Voyager Mini 3.0 16GB,336,14.9,119,https://usb.userbenchmark.com/SpeedTest/5329/Corsair-Voyager-Mini-30
USB,,,SecureLock 64GB,337,14.9,7,https://usb.userbenchmark.com/SpeedTest/8002/SecureLock
USB,,WD,1200BEA External 120GB,338,14.9,27,https://usb.userbenchmark.com/SpeedTest/10946/WD-1200BEA-External
USB,,SAMSUNG,HD501LJ 500GB,339,14.8,61,https://usb.userbenchmark.com/SpeedTest/4007/SAMSUNG-HD501LJ
USB,,ADATA,HDD CH94 500GB,340,14.8,153,https://usb.userbenchmark.com/SpeedTest/6060/ADATA-HDD-CH94
USB,,JetFlash,Transcend 32GB,341,14.8,4776,https://usb.userbenchmark.com/SpeedTest/1255/JetFlash-Transcend-32GB
USB,,SPCC,PHD 320GB,342,14.7,30,https://usb.userbenchmark.com/SpeedTest/6173/SPCC-PHD
USB,,Seagate,FreeAgent Go 500GB,343,14.7,1056,https://usb.userbenchmark.com/SpeedTest/1786/Seagate-FreeAgent-Go
USB,,WD,My Passport 071A 250GB,344,14.7,71,https://usb.userbenchmark.com/SpeedTest/5046/WD-My-Passport-071A
USB,LJDS23-8GABEU,Lexar,JumpDrive S23 USB 3.0 8GB,345,14.7,67,https://usb.userbenchmark.com/SpeedTest/1499/Lexar-USB-Flash-Drive
USB,,Seagate,FreeAgentDesktop 500GB,346,14.7,768,https://usb.userbenchmark.com/SpeedTest/1269/Seagate-FreeAgentDesktop
USB,,Seagate,FreeAgent 2TB,347,14.7,164,https://usb.userbenchmark.com/SpeedTest/9303/Seagate-FreeAgent
USB,,WDC,WD16 00BEVS-60RST0 160GB,348,14.5,14,https://usb.userbenchmark.com/SpeedTest/10026/WDC-WD16-00BEVS-60RST0
USB,,TOSHIBA,TransMemory-Mx 32GB,349,14.5,331,https://usb.userbenchmark.com/SpeedTest/2142/TOSHIBA-TransMemory-Mx
USB,,Seagate,Portable 320GB,350,14.5,374,https://usb.userbenchmark.com/SpeedTest/4645/Seagate-Portable
USB,AUV128-16G-RBE,Adata,DashDrive UV128 USB 3.0 16GB,351,14.5,1184,https://usb.userbenchmark.com/SpeedTest/1986/ADATA-USB-Flash-Drive
USB,,Corsair,Slider 3.0 16GB,352,14.5,148,https://usb.userbenchmark.com/SpeedTest/1196/Corsair-Slider-30
USB,,WD,My Passport Essential 500GB,353,14.3,665,https://usb.userbenchmark.com/SpeedTest/3986/WD-My-Passport-070A
USB,,Seagate,FreeAgent XTreme 2TB,354,14.3,27,https://usb.userbenchmark.com/SpeedTest/6547/Seagate-FreeAgent-XTreme
USB,,WD,My Passport 071A 500GB,355,14.2,548,https://usb.userbenchmark.com/SpeedTest/1488/WD-My-Passport-071A
USB,,Seagate,FreeAgentDesktop 320GB,356,14.2,184,https://usb.userbenchmark.com/SpeedTest/3261/Seagate-FreeAgentDesktop
USB,,Seagate,FreeAgent Go 320GB,357,14.2,679,https://usb.userbenchmark.com/SpeedTest/7077/Seagate-FreeAgent-Go
USB,,hp,x705w 16GB,358,14.1,102,https://usb.userbenchmark.com/SpeedTest/6023/hp-x705w
USB,,Seagate,FreeAgentDesktop 250GB,359,14,355,https://usb.userbenchmark.com/SpeedTest/3122/Seagate-FreeAgentDesktop
USB,,Seagate,FA GoFlex Desk 1.5TB,360,13.9,385,https://usb.userbenchmark.com/SpeedTest/6129/Seagate-FA-GoFlex-Desk
USB,USM8GQ,Sony,Micro Vault Mach USB 3.0 8GB,361,13.9,46,https://usb.userbenchmark.com/SpeedTest/3001/Sony-Storage-Media
USB,49171,Verbatim,Store n Go V3 USB 3.0 8GB,362,13.9,322,https://usb.userbenchmark.com/SpeedTest/1152/Verbatim-STORE-N-GO
USB,,WD,5000AAKB Externa 500GB,363,13.8,68,https://usb.userbenchmark.com/SpeedTest/11686/WD-5000AAKB-Externa
USB,,Seagate,Desktop 2TB,364,13.7,1582,https://usb.userbenchmark.com/SpeedTest/3622/Seagate-Desktop
USB,,Toshiba,StorE HDD 500GB,365,13.7,196,https://usb.userbenchmark.com/SpeedTest/8768/Toshiba-StorE-HDD
USB,,WD,1600BEA External 160GB,366,13.7,39,https://usb.userbenchmark.com/SpeedTest/12871/WD-1600BEA-External
USB,SP064GBUF3B10V1B,Silicon,Power Blaze B10 USB 3.0 64GB,367,13.7,5,https://usb.userbenchmark.com/SpeedTest/4677/UFD-30-Silicon-Power64G
USB,,Maxtor,3200 320GB,368,13.7,177,https://usb.userbenchmark.com/SpeedTest/5999/Maxtor-3200
USB,LJDS73-64GABEU,Lexar,JumpDrive S73 USB 3.0 64GB,369,13.6,197,https://usb.userbenchmark.com/Lexar-JumpDrive-S73-USB-30-64GB/Rating/1474
USB,00108025,Hama,Probo USB 3.0 16GB,370,13.6,13,https://usb.userbenchmark.com/Hama-Probo-USB-30-16GB/Rating/1294
USB,LJDS73-32GABEU,Lexar,JumpDrive S73 USB 3.0 32GB,371,13.5,366,https://usb.userbenchmark.com/Lexar-JumpDrive-S73-USB-30-32GB/Rating/1473
USB,,Linux,File-Stor Gadget 1TB,372,13.5,14,https://usb.userbenchmark.com/SpeedTest/8188/Linux-File-Stor-Gadget
USB,,Corsair,Voyager GT 3.0 16GB,373,13.5,52,https://usb.userbenchmark.com/SpeedTest/2616/Corsair-Voyager-GT-30
USB,,Seagate,Portable 1.5TB,374,13.3,92,https://usb.userbenchmark.com/SpeedTest/10698/Seagate-Portable
USB,,TrekStor,DS pocket light 500GB,375,13.3,54,https://usb.userbenchmark.com/SpeedTest/6291/TrekStor-DS-pocket-light
USB,,Toshiba,StorE HDD 1TB,376,13.2,131,https://usb.userbenchmark.com/SpeedTest/5210/Toshiba-StorE-HDD
USB,AUV150-16G-RRD,Adata,DashDrive UV150 USB 3.0 16GB,377,13.2,649,https://usb.userbenchmark.com/Adata-DashDrive-UV150-USB-30-16GB/Rating/1879
USB,DT100G3/16GB,Kingston,DataTraveler 100 G3 USB 3.0 16GB,378,13.1,18684,https://usb.userbenchmark.com/Kingston-DataTraveler-100-G3-USB-30-16GB/Rating/1521
USB,,TOSHIBA,TransMemory-Mx 16GB,379,13,271,https://usb.userbenchmark.com/SpeedTest/6641/TOSHIBA-TransMemory-Mx
USB,PD-09,Kingmax,Pop Series USB 3.0 16GB,380,12.8,45,https://usb.userbenchmark.com/Kingmax-Pop-Series-USB-30-16GB/Rating/1359
USB,PEF16GSBUSB,Patriot,Supersonic Boost XT USB 3.0 16GB,381,12.7,110,https://usb.userbenchmark.com/Patriot-Supersonic-Boost-XT-USB-30-16GB/Rating/1291
USB,AS102P-8G-RGY,Adata,S102 Pro USB 3.0 8GB,382,12.7,139,https://usb.userbenchmark.com/SpeedTest/2974/ADATA-USB-Flash-Drive
USB,,Innostor,Innostor 16GB,383,12.2,52,https://usb.userbenchmark.com/SpeedTest/12111/Innostor-Innostor
USB,3530470,Intenso,Speed Line USB 3.0 16GB,384,12.2,96,https://usb.userbenchmark.com/Intenso-Speed-Line-USB-30-16GB/Rating/1349
USB,,SRT,USB 3.0 JET 16G 16GB,385,12.2,69,https://usb.userbenchmark.com/SpeedTest/2810/SRT-USB-30-JET-16G
USB,AUV128-8G-RBE,Adata,DashDrive UV128 USB 3.0 8GB,386,12.1,246,https://usb.userbenchmark.com/SpeedTest/4062/ADATA-USB-Flash-Drive
USB,,OCZ,ATV_TURBO 4GB,387,12,6,https://usb.userbenchmark.com/SpeedTest/3967/OCZ-ATV-TURBO
USB,,Seagate,GoFlex Cinema 2TB,388,11.9,12,https://usb.userbenchmark.com/SpeedTest/3677/Seagate-GoFlex-Cinema
USB,DT100G3/8GB,Kingston,DataTraveler 100 G3 USB 3.0 8GB,389,11.9,6131,https://usb.userbenchmark.com/SpeedTest/1315/Kingston-DataTraveler-30
USB,,Kingston,DataTraveler 111 32GB,390,11.8,35,https://usb.userbenchmark.com/SpeedTest/3188/Kingston-DataTraveler-111
USB,DT111/32GB,Kingston,DataTraveler 111 USB 3.0 32GB,391,11.7,75,https://usb.userbenchmark.com/Kingston-DataTraveler-111-USB-30-32GB/Rating/1575
USB,,JetFlash,Transcend 16GB,392,11.6,5664,https://usb.userbenchmark.com/SpeedTest/1099/JetFlash-Transcend-16GB
USB,,Kingston,DataTraveler 111 64GB,393,11.4,19,https://usb.userbenchmark.com/SpeedTest/9144/Kingston-DataTraveler-111
USB,,Kingston,DataTraveler 111 16GB,394,11.4,108,https://usb.userbenchmark.com/SpeedTest/3431/Kingston-DataTraveler-111
USB,,TOSHIBA,silicon-power 8GB,395,11.4,47,https://usb.userbenchmark.com/SpeedTest/11557/TOSHIBA-silicon-power
USB,,Kingston,DataTraveler 111 16GB,396,11.3,28,https://usb.userbenchmark.com/SpeedTest/6936/Kingston-DataTraveler-111
USB,,SanDisk,Cruzer 64GB,397,11.2,995,https://usb.userbenchmark.com/SpeedTest/6685/SanDisk-Cruzer
USB,LJDS73-16GABEU,Lexar,JumpDrive S73 USB 3.0 16GB,398,11.2,261,https://usb.userbenchmark.com/Lexar-JumpDrive-S73-USB-30-16GB/Rating/1280
USB,,Kingston,DT R500 16GB,399,11.1,169,https://usb.userbenchmark.com/SpeedTest/1794/Kingston-DT-R500
USB,,Leef,Magnet 16GB,400,11,8,https://usb.userbenchmark.com/SpeedTest/10717/Leef-Magnet
USB,U819V,PQI,Intelligent Drive Micro USB 3.0 16GB,401,11,211,https://usb.userbenchmark.com/PQI-Intelligent-Drive-Micro-USB-30-16GB/Rating/1451
USB,SP016GBUF3B10V1B,Silicon Power,Blaze B10 USB 3.0 16GB,402,11,136,https://usb.userbenchmark.com/Silicon-Power-Blaze-B10-USB-30-16GB/Rating/1292
USB,PSF16GLSEL3USB,Patriot,Element USB 3.0 16GB,403,11,8,https://usb.userbenchmark.com/Patriot-Element-USB-30-16GB/Rating/1460
USB,,Kingston,DT R500 32GB,404,10.8,53,https://usb.userbenchmark.com/SpeedTest/3036/Kingston-DT-R500
USB,DT111/16GB,Kingston,DataTraveler 111 USB 3.0 16GB,405,10.6,137,https://usb.userbenchmark.com/Kingston-DataTraveler-111-USB-30-16GB/Rating/1423
USB,,SanDisk,Cruzer Glide 8GB,406,10.6,2625,https://usb.userbenchmark.com/SpeedTest/2673/SanDisk-Cruzer-Glide
USB,,SAMSUNG,HD400LJ 800GB,407,10.6,7,https://usb.userbenchmark.com/SpeedTest/2620/SAMSUNG-HD400LJ
USB,,Corsair,VoyagerGT 2GB,408,10.5,13,https://usb.userbenchmark.com/SpeedTest/5265/Corsair-VoyagerGT
USB,,Corsair,UFD 8GB,409,10.5,3,https://usb.userbenchmark.com/SpeedTest/6925/Corsair-UFD
USB,,Kingston,DataTraveler 111 8GB,410,10.4,156,https://usb.userbenchmark.com/SpeedTest/2973/Kingston-DataTraveler-111
USB,,SanDisk,Cruzer Glide 16GB,411,10.3,9188,https://usb.userbenchmark.com/SpeedTest/2718/SanDisk-Cruzer-Glide
USB,,SanDisk,Cruzer Glide 64GB,412,10.3,2064,https://usb.userbenchmark.com/SpeedTest/2866/SanDisk-Cruzer-Glide
USB,,SanDisk,Cruzer Edge 8GB,413,10.2,2484,https://usb.userbenchmark.com/SpeedTest/1421/SanDisk-Cruzer-Edge
USB,,Intenso,Speed Line 16GB,414,10.2,38,https://usb.userbenchmark.com/SpeedTest/1765/Intenso-Speed-Line
USB,,SanDisk,Cruzer Blade 8GB,415,10.2,12209,https://usb.userbenchmark.com/SpeedTest/1167/SanDisk-Cruzer-Blade
USB,AUV150-8G-RRD,Adata,DashDrive UV150 USB 3.0 8GB,416,10.2,69,https://usb.userbenchmark.com/SpeedTest/2478/ADATA-USB-Flash-Drive
USB,,SanDisk,Cruzer Glide 32GB,417,10.2,6106,https://usb.userbenchmark.com/SpeedTest/3933/SanDisk-Cruzer-Glide
USB,,SanDisk,Cruzer Switch 8GB,418,9.98,1703,https://usb.userbenchmark.com/SpeedTest/2921/SanDisk-Cruzer-Switch
USB,,SanDisk,Cruzer 32GB,419,9.92,1349,https://usb.userbenchmark.com/SpeedTest/1509/SanDisk-Cruzer
USB,,SanDisk,Cruzer Blade 16GB,420,9.84,15849,https://usb.userbenchmark.com/SpeedTest/1349/SanDisk-Cruzer-Blade
USB,LJDS73-8GBABEU,Lexar,JumpDrive S73 USB 3.0 8GB,421,9.78,128,https://usb.userbenchmark.com/SpeedTest/4132/Lexar-JumpDrive
USB,,SanDisk,Cruzer Glide 32GB,422,9.73,22,https://usb.userbenchmark.com/SpeedTest/5349/SanDisk-Cruzer-Glide
USB,,SanDisk,Cruzer Blade 32GB,423,9.7,8335,https://usb.userbenchmark.com/SpeedTest/1919/SanDisk-Cruzer-Blade
USB,,SanDisk,Cruzer Slice 8GB,424,9.63,263,https://usb.userbenchmark.com/SpeedTest/1971/SanDisk-Cruzer-Slice
USB,,SanDisk,Cruzer Force 32GB,425,9.58,1200,https://usb.userbenchmark.com/SpeedTest/5195/SanDisk-Cruzer-Force
USB,,SanDisk,Cruzer Force 16GB,426,9.53,1534,https://usb.userbenchmark.com/SpeedTest/4505/SanDisk-Cruzer-Force
USB,,SanDisk,Cruzer Fit 8GB,427,9.53,1785,https://usb.userbenchmark.com/SpeedTest/1577/SanDisk-Cruzer-Fit
USB,,SanDisk,Cruzer Switch 16GB,428,9.51,1303,https://usb.userbenchmark.com/SpeedTest/1433/SanDisk-Cruzer-Switch
USB,,SanDisk,Cruzer Edge 16GB,429,9.49,2554,https://usb.userbenchmark.com/SpeedTest/1294/SanDisk-Cruzer-Edge
USB,,,,430,9.45,55,https://usb.userbenchmark.com/SpeedTest/11587/
USB,,TOSHIBA,USB DRV 16GB,431,9.43,594,https://usb.userbenchmark.com/SpeedTest/3039/TOSHIBA-TOSHIBA-USB-DRV
USB,PSF16GSPUSB,Patriot,Supersonic Pulse USB 3.0 16GB,432,9.42,21,https://usb.userbenchmark.com/Patriot-Supersonic-Pulse-USB-30-16GB/Rating/1295
USB,,SanDisk,Cruzer Facet 8GB,433,9.42,1225,https://usb.userbenchmark.com/SpeedTest/4796/SanDisk-Cruzer-Facet
USB,,MXT-USB,Storage Device 16GB,434,9.4,14,https://usb.userbenchmark.com/SpeedTest/8798/MXT-USB-Storage-Device
USB,,SanDisk,Cruzer Edge 32GB,435,9.28,1195,https://usb.userbenchmark.com/SpeedTest/3928/SanDisk-Cruzer-Edge
USB,,SanDisk,Cruzer Force 8GB,436,9.26,711,https://usb.userbenchmark.com/SpeedTest/5094/SanDisk-Cruzer-Force
USB,,SanDisk,Cruzer Slice 16GB,437,9.14,199,https://usb.userbenchmark.com/SpeedTest/5062/SanDisk-Cruzer-Slice
USB,,SanDisk,Cruzer Fit 16GB,438,9.07,3302,https://usb.userbenchmark.com/SpeedTest/2402/SanDisk-Cruzer-Fit
USB,,SanDisk,Cruzer Blade 4GB,439,9.06,2744,https://usb.userbenchmark.com/SpeedTest/1442/SanDisk-Cruzer-Blade
USB,,SanDisk,Cruzer Switch 32GB,440,9.02,836,https://usb.userbenchmark.com/SpeedTest/3097/SanDisk-Cruzer-Switch
USB,,SanDisk,Cruzer Fit 32GB,441,9.01,1954,https://usb.userbenchmark.com/SpeedTest/1702/SanDisk-Cruzer-Fit
USB,,SanDisk,Cruzer Contour 8GB,442,9,96,https://usb.userbenchmark.com/SpeedTest/6158/SanDisk-Cruzer-Contour
USB,,SanDisk,Cruzer Facet 16GB,443,8.98,587,https://usb.userbenchmark.com/SpeedTest/1437/SanDisk-Cruzer-Facet
USB,,Kingston,DataTraveler 3.0 16GB,444,8.95,25,https://usb.userbenchmark.com/SpeedTest/2091/Kingston-DataTraveler-30
USB,,OCZ,RALLY2 4GB,445,8.93,30,https://usb.userbenchmark.com/SpeedTest/1195/OCZ-RALLY2
USB,,SYMWAVE,WDC WD20EURS-63S 2TB,446,8.93,3,https://usb.userbenchmark.com/SpeedTest/2617/SYMWAVE-WDC-WD20EURS-63S
USB,,SanDisk,Cruzer Contour 16GB,447,8.77,98,https://usb.userbenchmark.com/SpeedTest/2948/SanDisk-Cruzer-Contour
USB,,LaCie,itsaKey 8GB,448,8.68,14,https://usb.userbenchmark.com/SpeedTest/11422/LaCie-itsaKey
USB,,SanDisk,Cruzer Switch 4GB,449,8.47,241,https://usb.userbenchmark.com/SpeedTest/3042/SanDisk-Cruzer-Switch
USB,,OCZ,RALLY2 8GB,450,8.47,23,https://usb.userbenchmark.com/SpeedTest/9281/OCZ-RALLY2
USB,,SanDisk,Ultra USB 2.0 8GB,451,8.47,168,https://usb.userbenchmark.com/SpeedTest/9775/SanDisk-Ultra
USB,,OCZ,ET1208AD 4GB,452,8.46,8,https://usb.userbenchmark.com/SpeedTest/6529/OCZ-ET1208AD
USB,,Staples,Relay UFD 16GB,453,8.39,91,https://usb.userbenchmark.com/SpeedTest/5678/Staples-Relay-UFD
USB,,Corsair,VoyagerGT 16GB,454,8.35,196,https://usb.userbenchmark.com/SpeedTest/5269/Corsair-VoyagerGT
USB,,TDK,LoR Trans-It Drive 4GB,455,8.3,32,https://usb.userbenchmark.com/SpeedTest/4384/TDK-LoR-Trans-It-Drive
USB,,SanDisk,Cruzer Slice 4GB,456,8.26,113,https://usb.userbenchmark.com/SpeedTest/5562/SanDisk-Cruzer-Slice
USB,,SanDisk,Cruzer Edge 4GB,457,8.16,579,https://usb.userbenchmark.com/SpeedTest/1727/SanDisk-Cruzer-Edge
USB,,SanDisk,SD Plus 4GB,458,8.13,13,https://usb.userbenchmark.com/SpeedTest/10135/SanDisk-SD-Plus
USB,,,Staples 4GB,459,8.09,70,https://usb.userbenchmark.com/SpeedTest/3939/Staples
USB,,,silicon-power 16GB,460,8.06,22,https://usb.userbenchmark.com/SpeedTest/2253/silicon-power
USB,,SanDisk,Cruzer Fit 4GB,461,8.02,226,https://usb.userbenchmark.com/SpeedTest/10061/SanDisk-Cruzer-Fit
USB,,,SanDisk 4GB,462,7.99,31,https://usb.userbenchmark.com/SpeedTest/6105/SanDisk
USB,,SanDisk,Cruzer Orbit 8GB,463,7.99,219,https://usb.userbenchmark.com/SpeedTest/7295/SanDisk-Cruzer-Orbit
USB,,SanDisk,U3 Titanium 8GB,464,7.94,74,https://usb.userbenchmark.com/SpeedTest/5618/SanDisk-U3-Titanium
USB,,SanDisk,Cruzer Glide 4GB,465,7.94,324,https://usb.userbenchmark.com/SpeedTest/5957/SanDisk-Cruzer-Glide
USB,,SanDisk,Ultra USB 2.0 16GB,466,7.94,539,https://usb.userbenchmark.com/SpeedTest/5437/SanDisk-Ultra
USB,,ST,8GB 8GB,467,7.93,38,https://usb.userbenchmark.com/SpeedTest/4607/ST-8GB
USB,,SanDisk,Cruzer Orbit 16GB,468,7.92,233,https://usb.userbenchmark.com/SpeedTest/10403/SanDisk-Cruzer-Orbit
USB,,Corsair,Flash Voyager 4GB,469,7.89,115,https://usb.userbenchmark.com/SpeedTest/2134/Corsair-Flash-Voyager
USB,,LEXAR,JD 360 2GB,470,7.84,16,https://usb.userbenchmark.com/SpeedTest/11953/LEXAR-JD-360
USB,,SanDisk,Ultra USB 2.0 32GB,471,7.8,405,https://usb.userbenchmark.com/SpeedTest/4329/SanDisk-Ultra
USB,,Corsair,Flash Voyager 8GB,472,7.8,84,https://usb.userbenchmark.com/SpeedTest/1107/Corsair-Flash-Voyager
USB,,Crucial,Gizmo! 4GB,473,7.76,6,https://usb.userbenchmark.com/SpeedTest/1313/Crucial-Gizmo-
USB,,SanDisk,Cruzer Pop 8GB,474,7.75,259,https://usb.userbenchmark.com/SpeedTest/4875/SanDisk-Cruzer-Pop
USB,,TOSHIBA,TransMemory 32GB,475,7.64,2360,https://usb.userbenchmark.com/SpeedTest/4802/TOSHIBA-TransMemory
USB,,SanDisk,Cruzer Orbit 32GB,476,7.38,167,https://usb.userbenchmark.com/SpeedTest/6332/SanDisk-Cruzer-Orbit
USB,,Ut165,USB2FlashStorage 8GB,477,7.35,143,https://usb.userbenchmark.com/SpeedTest/4730/Ut165-USB2FlashStorage
USB,,Corsair,Voyager 16GB,478,7.34,318,https://usb.userbenchmark.com/SpeedTest/4854/Corsair-Voyager
USB,,Lexar,JD Secure II + 8GB,479,7.21,37,https://usb.userbenchmark.com/SpeedTest/1811/Lexar-JD-Secure-II--
USB,,SanDisk,Ultra USB 2.0 64GB,480,7.19,56,https://usb.userbenchmark.com/SpeedTest/5190/SanDisk-Ultra
USB,,Ut165,USB2FlashStorage 16GB,481,7.13,41,https://usb.userbenchmark.com/SpeedTest/5311/Ut165-USB2FlashStorage
USB,,JetFlash,Transcend 8GB,482,7.1,4013,https://usb.userbenchmark.com/SpeedTest/1298/JetFlash-Transcend-8GB
USB,,SanDisk,U3 Titanium 4GB,483,7.06,150,https://usb.userbenchmark.com/SpeedTest/2741/SanDisk-U3-Titanium
USB,,,SanDisk 32GB,484,7,164,https://usb.userbenchmark.com/SpeedTest/3611/SanDisk
USB,,Intenso,Rainbow Line 64GB,485,6.98,19,https://usb.userbenchmark.com/SpeedTest/3522/Intenso-Rainbow-Line
USB,,SanDisk,Cruzer Micro 8GB,486,6.95,202,https://usb.userbenchmark.com/SpeedTest/1106/SanDisk-Cruzer-Micro
USB,,DaneElec,Z Mate 16GB,487,6.95,23,https://usb.userbenchmark.com/SpeedTest/2831/DaneElec-Z-Mate-16GB
USB,,Kingston,DataTraveler 102 16GB,488,6.93,82,https://usb.userbenchmark.com/SpeedTest/2282/Kingston-DataTraveler-102
USB,,SanDisk,U3 Cruzer Micro 8GB,489,6.91,393,https://usb.userbenchmark.com/SpeedTest/3433/SanDisk-U3-Cruzer-Micro
USB,,SanDisk,U3 Cruzer Micro 16GB,490,6.91,225,https://usb.userbenchmark.com/SpeedTest/3226/SanDisk-U3-Cruzer-Micro
USB,,TOSHIBA,USB DRV 8GB,491,6.89,428,https://usb.userbenchmark.com/SpeedTest/3556/TOSHIBA-TOSHIBA-USB-DRV
USB,,UFD,2.0 Silicon-Power64G 64GB,492,6.87,39,https://usb.userbenchmark.com/SpeedTest/6233/UFD-20-Silicon-Power64G
USB,,,,493,6.82,152,https://usb.userbenchmark.com/SpeedTest/5446/
USB,DT101G2/32GB,Kingston,DataTraveler 101 G2 USB 2.0 32GB,494,6.74,339,https://usb.userbenchmark.com/SpeedTest/3026/Kingston-DT-101-G2
USB,,SanDisk,Cruzer Micro 4GB,495,6.74,234,https://usb.userbenchmark.com/SpeedTest/2536/SanDisk-Cruzer-Micro
USB,,,silicon-power 16GB,496,6.71,46,https://usb.userbenchmark.com/SpeedTest/1806/silicon-power
USB,,TOSHIBA,TransMemory 16GB,497,6.66,5846,https://usb.userbenchmark.com/SpeedTest/1430/TOSHIBA-TransMemory
USB,,Kingston,DataTraveler G3 32GB,498,6.64,253,https://usb.userbenchmark.com/SpeedTest/1505/Kingston-DataTraveler-G3
USB,,Kingston,DataTraveler SE9 64GB,499,6.61,37,https://usb.userbenchmark.com/SpeedTest/1779/Kingston-DataTraveler-SE9
USB,,pqi,IntelligentStick 16GB,500,6.56,44,https://usb.userbenchmark.com/SpeedTest/3896/pqi-IntelligentStick
USB,,JetFlash,Transcend 8GB,501,6.53,572,https://usb.userbenchmark.com/SpeedTest/2417/JetFlash-Transcend-8GB
USB,,SanDisk,Cruzer Micro 2GB,502,6.42,183,https://usb.userbenchmark.com/SpeedTest/1362/SanDisk-Cruzer-Micro
USB,,Kingston,DataTraveler 2.0 64GB,503,6.41,1197,https://usb.userbenchmark.com/SpeedTest/1364/Kingston-DataTraveler-20
USB,,PNY,Transformer 32GB,504,6.39,34,https://usb.userbenchmark.com/SpeedTest/10614/PNY-Transformer
USB,,SanDisk,U3 Cruzer Micro 4GB,505,6.37,564,https://usb.userbenchmark.com/SpeedTest/1162/SanDisk-U3-Cruzer-Micro
USB,,Corsair,Voyager 8GB,506,6.32,225,https://usb.userbenchmark.com/SpeedTest/8294/Corsair-Voyager
USB,,SanDisk,U3 Cruzer Micro 2GB,507,6.29,566,https://usb.userbenchmark.com/SpeedTest/1185/SanDisk-U3-Cruzer-Micro
USB,,Kingston,DataTraveler 108 16GB,508,6.27,107,https://usb.userbenchmark.com/SpeedTest/2308/Kingston-DataTraveler-108
USB,,hp,v125w 32GB,509,6.26,53,https://usb.userbenchmark.com/SpeedTest/6508/hp-v125w
USB,,FLASH,Drive 3S_USB20 2GB,510,6.24,20,https://usb.userbenchmark.com/SpeedTest/4658/FLASH-Drive-3S-USB20
USB,,Intenso,Rainbow Line 32GB,511,6.23,114,https://usb.userbenchmark.com/SpeedTest/8760/Intenso-Rainbow-Line
USB,,Kingston,DT microDuo 16GB,512,6.22,535,https://usb.userbenchmark.com/SpeedTest/9201/Kingston-DT-microDuo
USB,,Kingston,DT microDuo 64GB,513,6.22,57,https://usb.userbenchmark.com/SpeedTest/8565/Kingston-DT-microDuo
USB,,Lexar,USB Flash Drive 64GB,514,6.21,105,https://usb.userbenchmark.com/SpeedTest/4993/Lexar-USB-Flash-Drive
USB,,,silicon-power 4GB,515,6.21,62,https://usb.userbenchmark.com/SpeedTest/6042/silicon-power
USB,,,,516,6.19,95,https://usb.userbenchmark.com/SpeedTest/10865/
USB,,hp,v125w 8GB,517,6.19,255,https://usb.userbenchmark.com/SpeedTest/6352/hp-v125w
USB,,JetFlash,TS8GJFV10 8GB,518,6.19,43,https://usb.userbenchmark.com/SpeedTest/7107/JetFlash-TS8GJFV10
USB,,hp,v165w 32GB,519,6.18,209,https://usb.userbenchmark.com/SpeedTest/6507/hp-v165w
USB,,TDKMedia,Trans-It Drive 16GB,520,6.14,46,https://usb.userbenchmark.com/SpeedTest/3838/TDKMedia-Trans-It-Drive
USB,,Kingston,DT 100 G2 16GB,521,6.14,690,https://usb.userbenchmark.com/SpeedTest/2628/Kingston-DT-100-G2
USB,,hp,v165w 16GB,522,6.13,575,https://usb.userbenchmark.com/SpeedTest/4278/hp-v165w
USB,,Kingston,DT Locker 4GB,523,6.11,8,https://usb.userbenchmark.com/SpeedTest/4584/Kingston-DT-Locker
USB,,Verbatim,micro USB 2GB,524,6.07,3,https://usb.userbenchmark.com/SpeedTest/4441/Verbatim-micro-USB
USB,DT101G2/16GB,Kingston,DataTraveler 101 G2 USB 2.0 16GB,525,6.06,1318,https://usb.userbenchmark.com/SpeedTest/1422/Kingston-DT-101-G2
USB,,Kingmax,USB2.0 FlashDisk 32GB,526,6.03,59,https://usb.userbenchmark.com/SpeedTest/1856/Kingmax-USB20-FlashDisk
USB,,FLASH,Drive SM_USB20 8GB,527,5.92,126,https://usb.userbenchmark.com/SpeedTest/2194/FLASH-Drive-SM-USB20
USB,,TDKMedia,Trans-It Drive 8GB,528,5.88,253,https://usb.userbenchmark.com/SpeedTest/1784/TDKMedia-Trans-It-Drive
USB,,Corsair,Voyager Mini 8GB,529,5.85,59,https://usb.userbenchmark.com/SpeedTest/6502/Corsair-Voyager-Mini
USB,,hp,v210w 16GB,530,5.84,276,https://usb.userbenchmark.com/SpeedTest/3358/hp-v210w
USB,,hp,v220w 16GB,531,5.84,299,https://usb.userbenchmark.com/SpeedTest/2479/hp-v220w
USB,,TOSHIBA,TransMemory 8GB,532,5.83,4930,https://usb.userbenchmark.com/SpeedTest/1336/TOSHIBA-TransMemory
USB,,PNY,USB 2.0 FD 4GB,533,5.81,20,https://usb.userbenchmark.com/SpeedTest/6827/PNY-USB-20-FD
USB,,TDK,LoR TF10 16GB,534,5.8,168,https://usb.userbenchmark.com/SpeedTest/2836/TDK-LoR-TF10
USB,,Verbatim,STORE N GO 32GB,535,5.79,946,https://usb.userbenchmark.com/SpeedTest/6091/Verbatim-STORE-N-GO
USB,,,,536,5.79,241,https://usb.userbenchmark.com/SpeedTest/6298/
USB,,Lexar,JD FireFly 16GB,537,5.77,51,https://usb.userbenchmark.com/SpeedTest/5219/Lexar-JD-FireFly
USB,,,Verbatim 32GB,538,5.77,264,https://usb.userbenchmark.com/SpeedTest/3113/Verbatim
USB,,Freecom,DataBar USB2.0 8GB,539,5.73,41,https://usb.userbenchmark.com/SpeedTest/5402/Freecom-DataBar-USB20
USB,,,Verbatim 32GB,540,5.73,13,https://usb.userbenchmark.com/SpeedTest/5212/Verbatim
USB,AC906-16G-RWH,Adata,Classic C906 USB 2.0 16GB,541,5.72,626,https://usb.userbenchmark.com/SpeedTest/2098/ADATA-USB-Flash-Drive
USB,,Kingston,DT 101 G2 16GB,542,5.71,899,https://usb.userbenchmark.com/SpeedTest/2015/Kingston-DT-101-G2
USB,,hp,v195b 8GB,543,5.71,35,https://usb.userbenchmark.com/SpeedTest/4894/hp-v195b
USB,DT101G2/64GB,Kingston,DataTraveler 101 G2 USB 2.0 64GB,544,5.7,31,https://usb.userbenchmark.com/SpeedTest/12698/Kingston-DT-101-G2
USB,,TDKMedia,Trans-It Drive 16GB,545,5.69,16,https://usb.userbenchmark.com/SpeedTest/2772/TDKMedia-Trans-It-Drive
USB,,MUSHKIN,MKNUFDPR8GB 8GB,546,5.65,3,https://usb.userbenchmark.com/SpeedTest/2274/MUSHKIN-MKNUFDPR8GB
USB,,TDKMedia,Trans-It Drive 4GB,547,5.63,134,https://usb.userbenchmark.com/SpeedTest/5855/TDKMedia-Trans-It-Drive
USB,,Verbatim,Store n Go Drive 4GB,548,5.62,83,https://usb.userbenchmark.com/SpeedTest/5900/Verbatim-Store-n-Go-Drive
USB,,FLASH,Drive SM_USB20 4GB,549,5.6,171,https://usb.userbenchmark.com/SpeedTest/10702/FLASH-Drive-SM-USB20
USB,,Kingston,DT Micro 16GB,550,5.6,257,https://usb.userbenchmark.com/SpeedTest/5683/Kingston-DT-Micro
USB,,JetFlash,TS8GJFV30 8GB,551,5.59,20,https://usb.userbenchmark.com/SpeedTest/9327/JetFlash-TS8GJFV30
USB,,HP,v125w 4GB,552,5.58,265,https://usb.userbenchmark.com/SpeedTest/1613/HP-v125w
USB,,Kingston,DT 101 II 4GB,553,5.56,125,https://usb.userbenchmark.com/SpeedTest/9376/Kingston-DT-101-II
USB,,Imation,Nano Pro 4GB,554,5.54,85,https://usb.userbenchmark.com/SpeedTest/5707/Imation-Nano-Pro
USB,,SanDisk,U3 Titanium 2GB,555,5.53,64,https://usb.userbenchmark.com/SpeedTest/5939/SanDisk-U3-Titanium
USB,,Kingston,DT 101 G2 64GB,556,5.52,64,https://usb.userbenchmark.com/SpeedTest/6132/Kingston-DT-101-G2
USB,,Kingston,DT 101 II 8GB,557,5.49,456,https://usb.userbenchmark.com/SpeedTest/2808/Kingston-DT-101-II
USB,,Kingmax,USB2.0 FlashDisk 8GB,558,5.47,168,https://usb.userbenchmark.com/SpeedTest/3696/Kingmax-USB20-FlashDisk
USB,DTSE9H/16GB,Kingston,DataTraveler SE9 USB 2.0 16GB,559,5.46,876,https://usb.userbenchmark.com/Kingston-DataTraveler-SE9-USB-20-16GB/Rating/1402
USB,DT101G2/2GB,Kingston,DataTraveler 101 G2 USB 2.0 2GB,560,5.45,48,https://usb.userbenchmark.com/SpeedTest/15272/Kingston-DT-101-G2
USB,,hp,v165w 8GB,561,5.44,712,https://usb.userbenchmark.com/SpeedTest/1981/hp-v165w
USB,,Verbatim,STORE N GO 16GB,562,5.42,53,https://usb.userbenchmark.com/SpeedTest/11864/Verbatim-STORE-N-GO
USB,AC008-16G-RKD,Adata,Classic C008 USB 2.0 16GB,563,5.41,812,https://usb.userbenchmark.com/SpeedTest/3888/ADATA-USB-Flash-Drive
USB,,Sony,Storage Media 2GB,564,5.39,244,https://usb.userbenchmark.com/SpeedTest/2461/Sony-Storage-Media
USB,,LEXAR,JD FIREFLY 4GB,565,5.39,37,https://usb.userbenchmark.com/SpeedTest/5141/LEXAR-JD-FIREFLY
USB,,Kingston,DT 101 G2 16GB,566,5.39,134,https://usb.userbenchmark.com/SpeedTest/11315/Kingston-DT-101-G2
USB,,Verbatim,STORE N GO 16GB,567,5.38,203,https://usb.userbenchmark.com/SpeedTest/2096/Verbatim-STORE-N-GO
USB,,hp,v165w 4GB,568,5.35,270,https://usb.userbenchmark.com/SpeedTest/5911/hp-v165w
USB,,USB,FLASH DRIVE 2GB,569,5.34,185,https://usb.userbenchmark.com/SpeedTest/1966/USB-FLASH-DRIVE
USB,,Kingston,DataTraveler 108 8GB,570,5.33,93,https://usb.userbenchmark.com/SpeedTest/2102/Kingston-DataTraveler-108
USB,,Kingston,DT101 II 8GB,571,5.33,62,https://usb.userbenchmark.com/SpeedTest/3930/Kingston-DT101-II
USB,,HP,v125w 2GB,572,5.29,74,https://usb.userbenchmark.com/SpeedTest/5918/HP-v125w
USB,,JetFlash,Transcend 2GB,573,5.29,371,https://usb.userbenchmark.com/SpeedTest/11512/JetFlash-Transcend-2GB
USB,,UFD,2.0 Silicon-Power16G 16GB,574,5.28,693,https://usb.userbenchmark.com/SpeedTest/5289/UFD-20-Silicon-Power16G
USB,,Kingston,DataTraveler G2 8GB,575,5.26,342,https://usb.userbenchmark.com/SpeedTest/2097/Kingston-DataTraveler-G2
USB,,PNY,USB 2.0 FD 4GB,576,5.26,52,https://usb.userbenchmark.com/SpeedTest/10550/PNY-USB-20-FD
USB,,PNY,USB 2.0 FD 8GB,577,5.26,15,https://usb.userbenchmark.com/SpeedTest/4598/PNY-USB-20-FD
USB,,Kingston,DT 100 G2 4GB,578,5.26,295,https://usb.userbenchmark.com/SpeedTest/5494/Kingston-DT-100-G2
USB,,Corsair,Flash Voyager 1GB,579,5.23,13,https://usb.userbenchmark.com/SpeedTest/4389/Corsair-Flash-Voyager
USB,,Verbatim,STORE N GO 64GB,580,5.22,621,https://usb.userbenchmark.com/SpeedTest/7591/Verbatim-STORE-N-GO
USB,,Flash,Drive AU_USB20 2GB,581,5.22,44,https://usb.userbenchmark.com/SpeedTest/3746/Flash-Drive-AU-USB20
USB,,Kingston,DT 101 II 4GB,582,5.21,441,https://usb.userbenchmark.com/SpeedTest/5919/Kingston-DT-101-II
USB,,hp,v220w 8GB,583,5.21,330,https://usb.userbenchmark.com/SpeedTest/1543/hp-v220w
USB,,Kingston,DT 100 G2 8GB,584,5.2,950,https://usb.userbenchmark.com/SpeedTest/1420/Kingston-DT-100-G2
USB,,JetFlash,Transcend 4GB,585,5.19,1823,https://usb.userbenchmark.com/SpeedTest/1401/JetFlash-Transcend-4GB
USB,,hp,v250w 8GB,586,5.18,87,https://usb.userbenchmark.com/SpeedTest/3253/hp-v250w
USB,DT101G2/8GB,Kingston,DataTraveler 101 G2 USB 2.0 8GB,587,5.16,1384,https://usb.userbenchmark.com/SpeedTest/1682/Kingston-DT-101-G2
USB,DT101G2/4GB,Kingston,DataTraveler 101 G2 USB 2.0 4GB,588,5.08,933,https://usb.userbenchmark.com/SpeedTest/1352/Kingston-DT-101-G2
USB,,TOSHIBA,TransMemory 4GB,589,5.08,624,https://usb.userbenchmark.com/SpeedTest/3442/TOSHIBA-TransMemory
USB,,Lexar,JumpDrive 8GB,590,5.07,28,https://usb.userbenchmark.com/SpeedTest/3038/Lexar-JumpDrive
USB,,Flash,Drive SM_USB20 1GB,591,5.07,47,https://usb.userbenchmark.com/SpeedTest/6766/Flash-Drive-SM-USB20
USB,,Kingston,DT 100 G2 4GB,592,5.03,178,https://usb.userbenchmark.com/SpeedTest/7178/Kingston-DT-100-G2
USB,,JetFlash,Transcend 1GB,593,5.03,47,https://usb.userbenchmark.com/SpeedTest/8690/JetFlash-Transcend-1GB
USB,,Kingston,DT 101 G2 4GB,594,5.02,648,https://usb.userbenchmark.com/SpeedTest/3101/Kingston-DT-101-G2
USB,,takeMS,colorline 16GB,595,4.99,13,https://usb.userbenchmark.com/SpeedTest/4827/takeMS-colorline
USB,,Lexar,JD FireFly 8GB,596,4.97,109,https://usb.userbenchmark.com/SpeedTest/9434/Lexar-JD-FireFly
USB,,Kingmax,USB2.0 FlashDisk 4GB,597,4.96,16,https://usb.userbenchmark.com/SpeedTest/12171/Kingmax-USB20-FlashDisk
USB,,Kingston,DataTraveler G2 4GB,598,4.93,319,https://usb.userbenchmark.com/SpeedTest/1799/Kingston-DataTraveler-G2
USB,,UFD,USB Flash Drive 1GB,599,4.92,14,https://usb.userbenchmark.com/SpeedTest/1755/UFD-USB-Flash-Drive
USB,,HTC42602,0G7AT00 20GB,600,4.9,4,https://usb.userbenchmark.com/SpeedTest/10847/HTC42602-0G7AT00
USB,,LEXAR,JD FIREFLY 2GB,601,4.88,61,https://usb.userbenchmark.com/SpeedTest/10782/LEXAR-JD-FIREFLY
USB,,Kingston,DataTraveler 109 8GB,602,4.85,47,https://usb.userbenchmark.com/SpeedTest/1228/Kingston-DataTraveler-109
USB,,Kingston,DataTraveler SE9 8GB,603,4.82,652,https://usb.userbenchmark.com/SpeedTest/2584/Kingston-DataTraveler-SE9
USB,,Cisco,AM10 0GB,604,4.8,21,https://usb.userbenchmark.com/SpeedTest/10577/Cisco-AM10
USB,,ADATA,USB Flash Drive 4GB,605,4.79,11,https://usb.userbenchmark.com/SpeedTest/13330/ADATA-USB-Flash-Drive
USB,,Kingston,DT 101 G2 8GB,606,4.77,1179,https://usb.userbenchmark.com/SpeedTest/1472/Kingston-DT-101-G2
USB,,Kingston,DT Micro 8GB,607,4.75,176,https://usb.userbenchmark.com/SpeedTest/3115/Kingston-DT-Micro
USB,,Ut163,USB2FlashStorage 2GB,608,4.74,43,https://usb.userbenchmark.com/SpeedTest/6699/Ut163-USB2FlashStorage
USB,,Verbatim,STORE N GO 16GB,609,4.7,2062,https://usb.userbenchmark.com/SpeedTest/2709/Verbatim-STORE-N-GO
USB,,,,610,4.69,36,https://usb.userbenchmark.com/SpeedTest/7002/
USB,,JetFlash,TS2GJFV30 2GB,611,4.67,112,https://usb.userbenchmark.com/SpeedTest/10269/JetFlash-TS2GJFV30
USB,,PNY,USB 2.0 FD 4GB,612,4.65,71,https://usb.userbenchmark.com/SpeedTest/6266/PNY-USB-20-FD
USB,,USB,FLASH DRIVE 1GB,613,4.64,129,https://usb.userbenchmark.com/SpeedTest/3314/USB-FLASH-DRIVE
USB,,UFD,2.0 Silicon-Power4G 4GB,614,4.64,75,https://usb.userbenchmark.com/SpeedTest/6047/UFD-20-Silicon-Power4G
USB,,JetFlash,TS4GJFV30 4GB,615,4.55,113,https://usb.userbenchmark.com/SpeedTest/3281/JetFlash-TS4GJFV30
USB,,Intenso,Rainbow Line 16GB,616,4.55,341,https://usb.userbenchmark.com/SpeedTest/7359/Intenso-Rainbow-Line
USB,,TDK,LoR TF10 8GB,617,4.51,689,https://usb.userbenchmark.com/SpeedTest/10324/TDK-LoR-TF10
USB,,Ut165,USB2FlashStorage 1GB,618,4.49,39,https://usb.userbenchmark.com/SpeedTest/5612/Ut165-USB2FlashStorage
USB,,Lexar,JD FireFly 4GB,619,4.42,66,https://usb.userbenchmark.com/SpeedTest/10873/Lexar-JD-FireFly
USB,,Verbatim,STORE N GO 2GB,620,4.41,86,https://usb.userbenchmark.com/SpeedTest/8638/Verbatim-STORE-N-GO
USB,,USB,Flash Memory 2GB,621,4.36,287,https://usb.userbenchmark.com/SpeedTest/3137/USB-Flash-Memory
USB,,Kingston,DataTraveler 112 16GB,622,4.22,123,https://usb.userbenchmark.com/SpeedTest/8377/Kingston-DataTraveler-112
USB,,USB,Flash Memory 1GB,623,4.2,64,https://usb.userbenchmark.com/SpeedTest/6923/USB-Flash-Memory
USB,,Chipsbnk,UDisk 16GB,624,4.17,13,https://usb.userbenchmark.com/SpeedTest/1257/Chipsbnk-UDisk
USB,,Kindle,Internal Storage 1GB,625,4.13,169,https://usb.userbenchmark.com/SpeedTest/5145/Kindle-Internal-Storage
USB,,,,626,4.13,412,https://usb.userbenchmark.com/SpeedTest/7076/
USB,,Freecom,DATABAR 4GB,627,4.12,16,https://usb.userbenchmark.com/SpeedTest/9462/Freecom-DATABAR
USB,,SanDisk,Cruzer Mini 1GB,628,4.1,115,https://usb.userbenchmark.com/SpeedTest/4977/SanDisk-Cruzer-Mini
USB,,Verbatim,STORE N GO 4GB,629,3.94,1213,https://usb.userbenchmark.com/SpeedTest/1268/Verbatim-STORE-N-GO
USB,,Kingston,DataTravelerMini 1GB,630,3.93,51,https://usb.userbenchmark.com/SpeedTest/4656/Kingston-DataTravelerMini
USB,,USB2.0,FlashDisk 4GB,631,3.91,19,https://usb.userbenchmark.com/SpeedTest/12908/USB20-FlashDisk
USB,,HUAWEI,SD Storage 8GB,632,3.9,66,https://usb.userbenchmark.com/SpeedTest/4906/HUAWEI-SD-Storage
USB,,Ut163,USB2FlashStorage 1GB,633,3.82,124,https://usb.userbenchmark.com/SpeedTest/12768/Ut163-USB2FlashStorage
USB,,,AM10 0GB,634,3.41,6,https://usb.userbenchmark.com/SpeedTest/12731/AM10
USB,,Best,Buy Geek Squad U3 1GB,635,3.31,7,https://usb.userbenchmark.com/SpeedTest/5282/Best-Buy-Geek-Squad-U3
USB,,ACTIONS,HS USB FlashDisk 4GB,636,3.1,84,https://usb.userbenchmark.com/SpeedTest/9386/ACTIONS-HS-USB-FlashDisk
USB,,USB_DISK,USB_DISK 1GB,637,2.93,5,https://usb.userbenchmark.com/SpeedTest/11488/USB-DISK-USB-DISK
USB,,KINGSTON,USB DRIVE 0GB,638,1.04,3,https://usb.userbenchmark.com/SpeedTest/4478/KINGSTON-USB-DRIVE
USB,,SB,X-Fi Go! 1GB,639,0.37,23,https://usb.userbenchmark.com/SpeedTest/2348/SB-X-Fi-Go-
